CMP_ID,LDR_ID,FYR_ID,OB_CR_AMT,OB_DR_AMT
101,1350,2,0.0,0.0
101,111,2,0.0,5779680.0
101,107,2,0.0,211500.0
101,141,2,0.0,7200.0
101,122,2,276009.22,0.0
101,115,2,9200301.26,0.0
101,1351,2,0.0,0.0
101,129,2,0.0,148000.0
101,114,2,0.0,0.0
101,150,2,0.0,0.41
101,140,2,0.0,3895841.0
101,123,2,16482.94,0.0
101,116,2,549428.12,0.0
101,1350,3,0.0,0.0
101,105,3,0.0,10000.0
101,111,3,0.0,10863201.0
101,107,3,0.0,863570.0
101,141,3,0.0,12900.0
101,122,3,507465.42,0.0
101,115,3,16915505.31,0.0
101,1351,3,0.0,0.0
101,129,3,0.0,148000.0
101,114,3,0.0,0.0
101,1352,3,0.0,429190.0
101,150,3,0.44,0.0
101,140,3,0.0,6156491.0
101,123,3,30885.0,0.0
101,116,3,1029496.1,0.0
101,1350,4,0.0,0.0
101,105,4,0.0,10000.0
101,126,4,2571.04,0.0
101,119,4,85701.0,0.0
101,111,4,0.0,16261023.0
101,107,4,0.0,863570.0
101,141,4,0.0,12900.0
101,122,4,730920.32,0.0
101,115,4,24364000.21,0.0
101,1351,4,0.0,0.0
101,129,4,0.0,192000.0
101,114,4,0.0,0.0
101,1352,4,0.0,3078910.0
101,150,4,0.35,0.0
101,140,4,0.0,6682141.0
101,123,4,55845.26,0.0
101,116,4,1861506.07,0.0
101,1350,5,0.0,0.0
101,105,5,0.0,10000.0
101,126,5,39827.52,0.0
101,119,5,1327614.0,0.0
101,111,5,0.0,24103343.0
101,113,5,0.0,3810.0
101,107,5,0.0,1013570.0
101,141,5,0.0,12900.0
101,122,5,1098194.66,0.0
101,115,5,36606475.14,0.0
101,1351,5,0.0,0.0
101,129,5,0.0,748676.0
101,114,5,110315.0,0.0
101,130,5,0.0,1000.0
101,1352,5,0.0,9230767.0
101,150,5,0.0,1.24
101,140,5,0.0,6682141.0
101,123,5,76421.06,0.0
101,116,5,2547360.46,0.0
101,1350,6,0.0,0.0
101,105,6,0.0,10000.0
101,1354,6,0.0,0.0
101,126,6,58989.68,0.0
101,119,6,1966353.0,0.0
101,111,6,0.0,32724744.0
101,113,6,0.0,6830.05
101,107,6,0.0,1180320.0
101,141,6,0.0,46400.0
101,122,6,1509961.08,0.0
101,115,6,50332016.77,0.0
101,1351,6,0.0,0.0
101,129,6,0.0,1246306.0
101,114,6,110315.0,0.0
101,130,6,0.0,1300.0
101,1352,6,0.0,15465365.0
101,150,6,0.0,3.8
101,140,6,0.0,6682141.0
101,1353,6,0.0,0.0
101,123,6,100480.26,0.0
101,116,6,3349328.93,0.0
101,2363,1007,0.0,0.0
101,1355,1007,0.0,0.0
101,126,1007,16215.32,0.0
101,119,1007,540511.0,0.0
101,111,1007,0.0,16924488.0
101,113,1007,0.0,19216.44
101,107,1007,0.0,600000.0
101,122,1007,834657.1,0.0
101,115,1007,27821912.01,0.0
101,2364,1007,0.0,1983500.0
101,2361,1007,0.0,0.0
101,129,1007,0.0,50000.0
101,114,1007,50000.0,0.0
101,130,1007,0.0,550.0
101,1352,1007,0.0,10355557.0
101,2360,1007,0.0,0.0
101,150,1007,0.87,0.0
101,2359,1007,0.0,0.0
101,123,1007,17767.5,0.0
101,116,1007,592247.5,0.0
101,2355,1007,30000.0,0.0
101,2356,1007,30000.0,0.0
101,2358,1007,0.0,0.0
