LDR_ID,RPT_ID
1338,0
1338,1
1339,0
1339,1
112,0
112,1
112,2
114,2
114,3
115,2
116,2
117,2
118,2
110,2
111,0
111,2
111,3
111,4
112,3
112,4
113,0
113,1
113,2
113,3
113,4
119,2
120,2
121,2
122,2
123,2
124,2
125,2
126,2
127,2
128,2
115,3
116,3
117,3
118,3
119,3
120,3
121,3
122,4
123,4
124,4
125,4
126,4
127,4
128,4
129,2
129,3
130,2
130,3
131,2
131,3
132,2
132,3
144,2
144,3
145,2
145,3
146,2
146,3
147,2
147,3
148,2
149,2
150,2
150,4
151,0
151,1
151,2
151,3
151,4
152,0
152,1
152,2
152,3
152,4
153,0
153,1
153,2
153,3
153,4
155,0
155,1
155,2
155,3
155,4
157,0
157,1
159,0
159,1
159,2
160,0
160,1
160,2
161,0
161,1
161,4
163,0
163,1
167,1
166,0
173,0
173,1
173,2
173,3
173,4
153,0
153,2
153,3
153,4
154,0
154,2
154,3
154,4
229,0
229,1
229,2
229,3
229,4
247,0
247,1
247,2
247,3
247,4
241,2
241,3
241,4
261,0
261,1
261,2
261,3
261,4
281,0
281,1
281,2
281,3
281,4
282,0
282,1
282,2
282,3
282,4
283,0
283,1
283,2
283,3
283,4
284,0
284,1
284,2
284,3
284,4
297,0
297,1
297,2
297,3
297,4
300,0
300,1
300,2
300,3
300,4
301,0
301,1
301,2
301,3
301,4
107,0
107,1
107,2
107,4
302,0
302,1
302,2
302,3
302,4
303,0
303,1
303,2
303,3
304,0
304,1
304,2
304,3
304,4
305,0
305,1
305,2
305,3
305,4
306,0
306,1
306,2
306,3
306,4
307,0
307,1
307,2
307,3
307,4
657,0
657,1
657,2
657,3
658,0
310,0
310,1
310,2
310,3
310,4
311,2
311,3
311,4
312,0
312,1
312,2
312,3
312,4
313,2
313,3
313,4
315,0
315,1
315,2
315,3
315,4
316,0
316,1
316,2
316,3
316,4
317,0
317,1
317,2
317,3
317,4
318,0
318,1
318,2
318,3
318,4
319,0
319,1
319,2
319,3
319,4
321,0
321,1
321,2
321,3
321,4
334,0
334,1
334,2
334,3
334,4
335,0
335,1
335,2
335,3
335,4
336,0
336,1
336,2
336,3
336,4
337,0
337,1
337,2
337,3
337,4
338,0
338,1
338,2
338,3
338,4
339,0
339,1
339,2
339,3
339,4
340,0
340,1
340,2
340,3
340,4
341,0
341,1
341,2
341,3
341,4
342,0
342,1
342,2
342,3
342,4
343,0
343,1
343,2
343,3
343,4
344,0
344,1
344,2
344,3
344,4
251,0
251,1
251,2
251,3
251,4
399,0
399,1
399,2
399,3
399,4
400,0
400,1
400,2
400,3
400,4
401,0
401,1
401,2
401,3
401,4
422,0
422,1
422,2
422,3
422,4
424,0
424,1
424,2
424,3
424,4
448,0
448,1
448,2
448,3
448,4
449,0
449,1
449,2
449,3
450,0
450,1
450,2
450,3
452,0
452,1
452,2
452,3
453,0
453,1
453,2
453,3
454,0
454,1
454,2
454,3
455,0
455,1
455,2
455,3
457,0
457,1
457,2
457,3
458,0
458,1
458,2
458,3
459,0
459,1
459,2
459,3
460,0
460,1
460,2
460,3
461,0
461,1
461,2
461,3
470,0
470,1
470,2
470,3
492,0
492,1
492,2
492,3
492,4
493,0
493,1
493,2
493,3
493,4
495,0
495,1
495,2
495,4
496,0
496,1
496,2
496,3
503,0
503,1
503,2
503,3
504,0
504,1
504,2
504,3
505,0
505,1
505,2
505,3
516,0
516,1
516,2
516,3
546,0
546,1
546,2
546,3
554,0
554,1
554,2
554,3
533,0
533,1
533,2
533,3
556,0
556,1
556,2
556,3
550,0
550,1
550,2
550,3
658,1
658,2
658,3
661,0
557,2
557,3
552,0
552,1
553,0
553,1
553,2
553,3
557,0
557,1
559,0
559,1
555,0
555,1
555,2
555,3
559,2
559,3
560,0
560,1
560,2
560,3
561,0
561,1
558,0
558,1
558,2
558,3
561,2
561,3
551,0
551,1
551,2
551,3
309,0
309,1
309,2
309,3
309,4
647,0
562,0
562,1
562,2
562,3
563,0
563,1
563,2
563,3
564,0
564,1
564,2
564,3
565,0
565,1
565,2
565,3
566,0
566,1
566,2
566,3
569,0
569,1
569,2
569,3
573,0
573,1
573,2
573,3
586,0
586,1
586,2
586,3
586,4
609,0
609,1
609,2
609,3
618,0
618,1
618,2
618,3
619,0
619,1
619,2
619,3
626,0
626,1
626,2
626,3
629,0
629,1
629,2
629,3
642,0
642,1
642,2
642,3
643,0
643,1
643,2
643,3
547,0
547,1
547,2
547,3
548,0
548,1
548,2
548,3
549,0
549,1
549,2
549,3
552,2
552,3
647,1
647,2
647,3
648,0
648,1
648,2
648,3
649,0
649,1
649,2
649,3
650,0
650,1
650,2
650,3
651,0
651,1
651,2
651,3
653,0
653,1
653,2
653,3
655,0
655,1
655,2
655,3
661,1
661,2
661,3
662,0
662,1
662,2
662,3
667,0
667,1
667,2
667,3
702,0
702,1
702,2
702,3
704,0
704,1
704,2
704,3
708,0
708,1
708,2
708,3
737,0
737,1
737,2
737,3
738,0
738,1
738,2
738,3
739,0
739,1
739,2
739,3
793,0
793,1
793,2
793,3
794,0
794,1
794,2
794,3
795,0
795,1
795,2
795,3
796,0
796,1
796,2
796,3
797,0
798,0
798,1
798,2
798,3
799,0
799,1
799,2
799,3
800,0
800,1
800,2
800,3
802,0
802,1
802,2
802,3
804,0
804,1
804,2
804,3
805,0
805,1
805,2
805,3
806,0
806,1
806,2
806,3
808,0
808,1
808,2
808,3
854,0
854,1
854,2
854,3
861,0
861,1
861,2
861,3
1075,1
1075,2
1075,3
1076,1
1076,2
1076,3
1328,0
1328,1
1328,2
1328,3
1328,4
165,0
154,0
154,1
154,2
154,3
154,4
156,0
156,1
156,2
156,3
156,4
