VRGN_ID,MDL_ID,FYR_ID,VRGN_PRFX,VRGN_TYPE,VRGN_DSPL_YR,VRGN_DSPL_MNTH,VRGN_DSPL_DAY,VRGN_BRNCH_WISE,VRGN_DSPL_BRNCH,VRGN_SPRTR,VRGN_STATUS
160,1043,1,ALP,Annually,1,0,0,1,1,/,New
161,1045,1,BUP,Annually,1,0,0,1,1,/,New
162,1055,1,OIS,Annually,1,0,0,1,1,/,New
163,1060,1,BUR,Annually,1,0,0,1,1,/,New
164,1063,1,BUI,Annually,1,0,0,1,1,/,New
165,1066,1,ORA,Annually,1,0,0,1,1,/,New
166,1069,1,RCT,Annually,1,0,0,1,1,/,New
167,1078,1,BOP,Annually,1,0,0,1,1,/,New
168,1085,1,POR,Annually,1,0,0,1,1,/,New
169,1088,1,BPP,Annually,1,0,0,1,1,/,New
170,1090,1,PSP,Annually,1,0,0,1,1,/,New
171,1094,1,ACP,Annually,1,0,0,1,1,/,New
172,1096,1,UOI,Annually,1,0,0,1,1,/,New
173,1098,1,FOR,Annually,1,0,0,1,1,/,New
174,1113,1,IHL,Annually,1,0,0,1,1,/,New
175,1115,1,HLR,Annually,1,0,0,1,1,/,New
176,1116,1,RHL,Annually,1,0,0,1,1,/,New
177,1074,1,ORP,Annually,1,0,0,1,1,/,New
178,1123,1,IBC,Annually,1,0,0,1,1,/,New
179,1147,1,OLP,Annually,1,0,0,1,1,/,New
180,1151,1,RSL,Annually,1,0,0,1,1,/,New
181,1176,1,STI,Annually,1,0,0,1,1,/,New
182,1177,1,STR,Annually,1,0,0,1,1,/,New
183,1080,1,PSOP,Annually,1,0,0,1,1,/,New
184,1067,1,ORAH,Annually,1,0,0,1,1,/,New
185,1195,1,PORH,Annually,1,0,0,1,1,/,New
186,1196,1,RFX,Annually,1,0,0,1,1,/,New
187,1070,1,WCT,Annually,1,0,0,1,1,/,New
188,1171,1,TI,Annually,1,0,0,1,1,/,New
189,1156,1,RSR,Annually,1,0,0,1,1,/,New
190,1172,1,TIR,Annually,1,0,0,1,1,/,New
191,1173,1,OLI,Annually,1,0,0,1,1,/,New
192,1174,1,OLR,Annually,1,0,0,1,1,/,New
193,1169,1,API,Annually,1,0,0,1,1,/,New
194,1158,1,APR,Annually,1,0,0,1,1,/,New
195,1199,1,ORH,Annually,1,0,0,1,1,/,New
196,1200,1,ARP,Annually,1,0,0,1,1,/,New
197,1159,1,CNT,Annually,1,0,0,1,1,/,New
198,1114,1,IHL,Annually,1,0,0,1,1,/,New
199,1117,1,RHL,Annually,1,0,0,1,1,/,New
200,1071,1,ORTA,Annually,1,0,0,1,1,/,New
201,1148,1,OPE,Annually,1,0,0,1,1,/,New
202,1210,1,COIA,Annually,1,0,0,1,1,/,New
203,1203,1,CWDI,Annually,1,0,0,1,1,/,New
204,1204,1,CWDR,Annually,1,0,0,1,1,/,New
205,1205,1,CIR,Annually,1,0,0,1,1,/,New
206,1207,1,CRHO,Annually,1,0,0,1,1,/,New
207,1208,1,OIM,Annually,1,0,0,1,1,/,New
208,1150,1,OLPR,Annually,1,0,0,1,1,/,New
209,1170,1,AIC,Annually,1,0,0,1,1,/,New
210,1238,1,BRI,Annually,1,0,0,1,1,/,New
211,1239,1,BSR,Annually,1,0,0,1,1,/,New
264,2240,1,RSE,Annually,1,0,0,1,1,/,New
265,2243,1,CRR,Annually,1,0,0,1,1,/,New
266,2244,1,CRI,Annually,1,0,0,1,1,/,New
267,2245,1,ROIA,Annually,1,0,0,1,1,/,New
268,2246,1,RORA,Annually,1,0,0,1,1,/,New
269,1043,2,ALP,Annually,1,0,0,1,1,/,New
270,1045,2,BUP,Annually,1,0,0,1,1,/,New
271,1055,2,OIS,Annually,1,0,0,1,1,/,New
272,1060,2,BUR,Annually,1,0,0,1,1,/,New
273,1063,2,BUI,Annually,1,0,0,1,1,/,New
274,1066,2,ORA,Annually,1,0,0,1,1,/,New
275,1069,2,RCT,Annually,1,0,0,1,1,/,New
276,1078,2,BOP,Annually,1,0,0,1,1,/,New
277,1085,2,POR,Annually,1,0,0,1,1,/,New
278,1088,2,BPP,Annually,1,0,0,1,1,/,New
279,1090,2,PSP,Annually,1,0,0,1,1,/,New
280,1094,2,ACP,Annually,1,0,0,1,1,/,New
281,1096,2,UOI,Annually,1,0,0,1,1,/,New
282,1098,2,FOR,Annually,1,0,0,1,1,/,New
283,1113,2,IHL,Annually,1,0,0,1,1,/,New
284,1115,2,HLR,Annually,1,0,0,1,1,/,New
285,1116,2,RHL,Annually,1,0,0,1,1,/,New
286,1074,2,ORP,Annually,1,0,0,1,1,/,New
287,1123,2,IBC,Annually,1,0,0,1,1,/,New
288,1147,2,OLP,Annually,1,0,0,1,1,/,New
289,1151,2,RSL,Annually,1,0,0,1,1,/,New
290,1176,2,STI,Annually,1,0,0,1,1,/,New
291,1177,2,STR,Annually,1,0,0,1,1,/,New
292,1080,2,PSOP,Annually,1,0,0,1,1,/,New
293,1067,2,ORAH,Annually,1,0,0,1,1,/,New
294,1195,2,PORH,Annually,1,0,0,1,1,/,New
295,1196,2,RFX,Annually,1,0,0,1,1,/,New
296,1070,2,WCT,Annually,1,0,0,1,1,/,New
297,1171,2,TI,Annually,1,0,0,1,1,/,New
298,1156,2,RSR,Annually,1,0,0,1,1,/,New
299,1172,2,TIR,Annually,1,0,0,1,1,/,New
300,1173,2,OLI,Annually,1,0,0,1,1,/,New
301,1174,2,OLR,Annually,1,0,0,1,1,/,New
302,1169,2,API,Annually,1,0,0,1,1,/,New
303,1158,2,APR,Annually,1,0,0,1,1,/,New
304,1199,2,ORH,Annually,1,0,0,1,1,/,New
305,1200,2,ARP,Annually,1,0,0,1,1,/,New
306,1159,2,CNT,Annually,1,0,0,1,1,/,New
307,1114,2,IHL,Annually,1,0,0,1,1,/,New
308,1117,2,RHL,Annually,1,0,0,1,1,/,New
309,1071,2,ORTA,Annually,1,0,0,1,1,/,New
310,1148,2,OPE,Annually,1,0,0,1,1,/,New
311,1210,2,COIA,Annually,1,0,0,1,1,/,New
312,1203,2,CWDI,Annually,1,0,0,1,1,/,New
313,1204,2,CWDR,Annually,1,0,0,1,1,/,New
314,1205,2,CIR,Annually,1,0,0,1,1,/,New
315,1207,2,CRHO,Annually,1,0,0,1,1,/,New
316,1208,2,OIM,Annually,1,0,0,1,1,/,New
317,1150,2,OLPR,Annually,1,0,0,1,1,/,New
318,1170,2,AIC,Annually,1,0,0,1,1,/,New
319,1238,2,BRI,Annually,1,0,0,1,1,/,New
320,1239,2,BSR,Annually,1,0,0,1,1,/,New
321,2240,2,RSE,Annually,1,0,0,1,1,/,New
322,2243,2,CRR,Annually,1,0,0,1,1,/,New
323,2244,2,CRI,Annually,1,0,0,1,1,/,New
324,2245,2,ROIA,Annually,1,0,0,1,1,/,New
325,2246,2,RORA,Annually,1,0,0,1,1,/,New
326,1043,3,ALP,Annually,1,0,0,1,1,/,New
327,1045,3,BUP,Annually,1,0,0,1,1,/,New
328,1055,3,OIS,Annually,1,0,0,1,1,/,New
329,1060,3,BUR,Annually,1,0,0,1,1,/,New
330,1063,3,BUI,Annually,1,0,0,1,1,/,New
331,1066,3,ORA,Annually,1,0,0,1,1,/,New
332,1069,3,RCT,Annually,1,0,0,1,1,/,New
333,1078,3,BOP,Annually,1,0,0,1,1,/,New
334,1085,3,POR,Annually,1,0,0,1,1,/,New
335,1088,3,BPP,Annually,1,0,0,1,1,/,New
336,1090,3,PSP,Annually,1,0,0,1,1,/,New
337,1094,3,ACP,Annually,1,0,0,1,1,/,New
338,1096,3,UOI,Annually,1,0,0,1,1,/,New
339,1098,3,FOR,Annually,1,0,0,1,1,/,New
340,1113,3,IHL,Annually,1,0,0,1,1,/,New
341,1115,3,HLR,Annually,1,0,0,1,1,/,New
342,1116,3,RHL,Annually,1,0,0,1,1,/,New
343,1074,3,ORP,Annually,1,0,0,1,1,/,New
344,1123,3,IBC,Annually,1,0,0,1,1,/,New
345,1147,3,OLP,Annually,1,0,0,1,1,/,New
346,1151,3,RSL,Annually,1,0,0,1,1,/,New
347,1176,3,STI,Annually,1,0,0,1,1,/,New
348,1177,3,STR,Annually,1,0,0,1,1,/,New
349,1080,3,PSOP,Annually,1,0,0,1,1,/,New
350,1067,3,ORAH,Annually,1,0,0,1,1,/,New
351,1195,3,PORH,Annually,1,0,0,1,1,/,New
352,1196,3,RFX,Annually,1,0,0,1,1,/,New
353,1070,3,WCT,Annually,1,0,0,1,1,/,New
354,1171,3,TI,Annually,1,0,0,1,1,/,New
355,1156,3,RSR,Annually,1,0,0,1,1,/,New
356,1172,3,TIR,Annually,1,0,0,1,1,/,New
357,1173,3,OLI,Annually,1,0,0,1,1,/,New
358,1174,3,OLR,Annually,1,0,0,1,1,/,New
359,1169,3,API,Annually,1,0,0,1,1,/,New
360,1158,3,APR,Annually,1,0,0,1,1,/,New
361,1199,3,ORH,Annually,1,0,0,1,1,/,New
362,1200,3,ARP,Annually,1,0,0,1,1,/,New
363,1159,3,CNT,Annually,1,0,0,1,1,/,New
364,1114,3,IHL,Annually,1,0,0,1,1,/,New
365,1117,3,RHL,Annually,1,0,0,1,1,/,New
366,1071,3,ORTA,Annually,1,0,0,1,1,/,New
367,1148,3,OPE,Annually,1,0,0,1,1,/,New
368,1210,3,COIA,Annually,1,0,0,1,1,/,New
369,1203,3,CWDI,Annually,1,0,0,1,1,/,New
370,1204,3,CWDR,Annually,1,0,0,1,1,/,New
371,1205,3,CIR,Annually,1,0,0,1,1,/,New
372,1207,3,CRHO,Annually,1,0,0,1,1,/,New
373,1208,3,OIM,Annually,1,0,0,1,1,/,New
374,1150,3,OLPR,Annually,1,0,0,1,1,/,New
375,1170,3,AIC,Annually,1,0,0,1,1,/,New
376,1238,3,BRI,Annually,1,0,0,1,1,/,New
377,1239,3,BSR,Annually,1,0,0,1,1,/,New
378,2240,3,RSE,Annually,1,0,0,1,1,/,New
379,2243,3,CRR,Annually,1,0,0,1,1,/,New
380,2244,3,CRI,Annually,1,0,0,1,1,/,New
381,2245,3,ROIA,Annually,1,0,0,1,1,/,New
382,2246,3,RORA,Annually,1,0,0,1,1,/,New
383,1043,4,ALP,Annually,1,0,0,1,1,/,New
384,1045,4,BUP,Annually,1,0,0,1,1,/,New
385,1055,4,OIS,Annually,1,0,0,1,1,/,New
386,1060,4,BUR,Annually,1,0,0,1,1,/,New
387,1063,4,BUI,Annually,1,0,0,1,1,/,New
388,1066,4,ORA,Annually,1,0,0,1,1,/,New
389,1069,4,RCT,Annually,1,0,0,1,1,/,New
390,1078,4,BOP,Annually,1,0,0,1,1,/,New
391,1085,4,POR,Annually,1,0,0,1,1,/,New
392,1088,4,BPP,Annually,1,0,0,1,1,/,New
393,1090,4,PSP,Annually,1,0,0,1,1,/,New
394,1094,4,ACP,Annually,1,0,0,1,1,/,New
395,1096,4,UOI,Annually,1,0,0,1,1,/,New
396,1098,4,FOR,Annually,1,0,0,1,1,/,New
397,1113,4,IHL,Annually,1,0,0,1,1,/,New
398,1115,4,HLR,Annually,1,0,0,1,1,/,New
399,1116,4,RHL,Annually,1,0,0,1,1,/,New
400,1074,4,ORP,Annually,1,0,0,1,1,/,New
401,1123,4,IBC,Annually,1,0,0,1,1,/,New
402,1147,4,OLP,Annually,1,0,0,1,1,/,New
403,1151,4,RSL,Annually,1,0,0,1,1,/,New
404,1176,4,STI,Annually,1,0,0,1,1,/,New
405,1177,4,STR,Annually,1,0,0,1,1,/,New
406,1080,4,PSOP,Annually,1,0,0,1,1,/,New
407,1067,4,ORAH,Annually,1,0,0,1,1,/,New
408,1195,4,PORH,Annually,1,0,0,1,1,/,New
409,1196,4,RFX,Annually,1,0,0,1,1,/,New
410,1070,4,WCT,Annually,1,0,0,1,1,/,New
411,1171,4,TI,Annually,1,0,0,1,1,/,New
412,1156,4,RSR,Annually,1,0,0,1,1,/,New
413,1172,4,TIR,Annually,1,0,0,1,1,/,New
414,1173,4,OLI,Annually,1,0,0,1,1,/,New
415,1174,4,OLR,Annually,1,0,0,1,1,/,New
416,1169,4,API,Annually,1,0,0,1,1,/,New
417,1158,4,APR,Annually,1,0,0,1,1,/,New
418,1199,4,ORH,Annually,1,0,0,1,1,/,New
419,1200,4,ARP,Annually,1,0,0,1,1,/,New
420,1159,4,CNT,Annually,1,0,0,1,1,/,New
421,1114,4,IHL,Annually,1,0,0,1,1,/,New
422,1117,4,RHL,Annually,1,0,0,1,1,/,New
423,1071,4,ORTA,Annually,1,0,0,1,1,/,New
424,1148,4,OPE,Annually,1,0,0,1,1,/,New
425,1210,4,COIA,Annually,1,0,0,1,1,/,New
426,1203,4,CWDI,Annually,1,0,0,1,1,/,New
427,1204,4,CWDR,Annually,1,0,0,1,1,/,New
428,1205,4,CIR,Annually,1,0,0,1,1,/,New
429,1207,4,CRHO,Annually,1,0,0,1,1,/,New
430,1208,4,OIM,Annually,1,0,0,1,1,/,New
431,1150,4,OLPR,Annually,1,0,0,1,1,/,New
432,1170,4,AIC,Annually,1,0,0,1,1,/,New
433,1238,4,BRI,Annually,1,0,0,1,1,/,New
434,1239,4,BSR,Annually,1,0,0,1,1,/,New
435,2240,4,RSE,Annually,1,0,0,1,1,/,New
436,2243,4,CRR,Annually,1,0,0,1,1,/,New
437,2244,4,CRI,Annually,1,0,0,1,1,/,New
438,2245,4,ROIA,Annually,1,0,0,1,1,/,New
439,2246,4,RORA,Annually,1,0,0,1,1,/,New
440,1043,5,ALP,Annually,1,0,0,1,1,/,New
441,1045,5,BUP,Annually,1,0,0,1,1,/,New
442,1055,5,OIS,Annually,1,0,0,1,1,/,New
443,1060,5,BUR,Annually,1,0,0,1,1,/,New
444,1063,5,BUI,Annually,1,0,0,1,1,/,New
445,1066,5,ORA,Annually,1,0,0,1,1,/,New
446,1069,5,RCT,Annually,1,0,0,1,1,/,New
447,1078,5,BOP,Annually,1,0,0,1,1,/,New
448,1085,5,POR,Annually,1,0,0,1,1,/,New
449,1088,5,BPP,Annually,1,0,0,1,1,/,New
450,1090,5,PSP,Annually,1,0,0,1,1,/,New
451,1094,5,ACP,Annually,1,0,0,1,1,/,New
452,1096,5,UOI,Annually,1,0,0,1,1,/,New
453,1098,5,FOR,Annually,1,0,0,1,1,/,New
454,1113,5,IHL,Annually,1,0,0,1,1,/,New
455,1115,5,HLR,Annually,1,0,0,1,1,/,New
456,1116,5,RHL,Annually,1,0,0,1,1,/,New
457,1074,5,ORP,Annually,1,0,0,1,1,/,New
458,1123,5,IBC,Annually,1,0,0,1,1,/,New
459,1147,5,OLP,Annually,1,0,0,1,1,/,New
460,1151,5,RSL,Annually,1,0,0,1,1,/,New
461,1176,5,STI,Annually,1,0,0,1,1,/,New
462,1177,5,STR,Annually,1,0,0,1,1,/,New
463,1080,5,PSOP,Annually,1,0,0,1,1,/,New
464,1067,5,ORAH,Annually,1,0,0,1,1,/,New
465,1195,5,PORH,Annually,1,0,0,1,1,/,New
466,1196,5,RFX,Annually,1,0,0,1,1,/,New
467,1070,5,WCT,Annually,1,0,0,1,1,/,New
468,1171,5,TI,Annually,1,0,0,1,1,/,New
469,1156,5,RSR,Annually,1,0,0,1,1,/,New
470,1172,5,TIR,Annually,1,0,0,1,1,/,New
471,1173,5,OLI,Annually,1,0,0,1,1,/,New
472,1174,5,OLR,Annually,1,0,0,1,1,/,New
473,1169,5,API,Annually,1,0,0,1,1,/,New
474,1158,5,APR,Annually,1,0,0,1,1,/,New
475,1199,5,ORH,Annually,1,0,0,1,1,/,New
476,1200,5,ARP,Annually,1,0,0,1,1,/,New
477,1159,5,CNT,Annually,1,0,0,1,1,/,New
478,1114,5,IHL,Annually,1,0,0,1,1,/,New
479,1117,5,RHL,Annually,1,0,0,1,1,/,New
480,1071,5,ORTA,Annually,1,0,0,1,1,/,New
481,1148,5,OPE,Annually,1,0,0,1,1,/,New
482,1210,5,COIA,Annually,1,0,0,1,1,/,New
483,1203,5,CWDI,Annually,1,0,0,1,1,/,New
484,1204,5,CWDR,Annually,1,0,0,1,1,/,New
485,1205,5,CIR,Annually,1,0,0,1,1,/,New
486,1207,5,CRHO,Annually,1,0,0,1,1,/,New
487,1208,5,OIM,Annually,1,0,0,1,1,/,New
488,1150,5,OLPR,Annually,1,0,0,1,1,/,New
489,1170,5,AIC,Annually,1,0,0,1,1,/,New
490,1238,5,BRI,Annually,1,0,0,1,1,/,New
491,1239,5,BSR,Annually,1,0,0,1,1,/,New
492,2240,5,RSE,Annually,1,0,0,1,1,/,New
493,2243,5,CRR,Annually,1,0,0,1,1,/,New
494,2244,5,CRI,Annually,1,0,0,1,1,/,New
495,2245,5,ROIA,Annually,1,0,0,1,1,/,New
496,2246,5,RORA,Annually,1,0,0,1,1,/,New
497,1043,6,ALP,Annually,1,0,0,1,1,/,New
498,1045,6,BUP,Annually,1,0,0,1,1,/,New
499,1055,6,OIS,Annually,1,0,0,1,1,/,New
500,1060,6,BUR,Annually,1,0,0,1,1,/,New
501,1063,6,BUI,Annually,1,0,0,1,1,/,New
502,1066,6,ORA,Annually,1,0,0,1,1,/,New
503,1069,6,RCT,Annually,1,0,0,1,1,/,New
504,1078,6,BOP,Annually,1,0,0,1,1,/,New
505,1085,6,POR,Annually,1,0,0,1,1,/,New
506,1088,6,BPP,Annually,1,0,0,1,1,/,New
507,1090,6,PSP,Annually,1,0,0,1,1,/,New
508,1094,6,ACP,Annually,1,0,0,1,1,/,New
509,1096,6,UOI,Annually,1,0,0,1,1,/,New
510,1098,6,FOR,Annually,1,0,0,1,1,/,New
511,1113,6,IHL,Annually,1,0,0,1,1,/,New
512,1115,6,HLR,Annually,1,0,0,1,1,/,New
513,1116,6,RHL,Annually,1,0,0,1,1,/,New
514,1074,6,ORP,Annually,1,0,0,1,1,/,New
515,1123,6,IBC,Annually,1,0,0,1,1,/,New
516,1147,6,OLP,Annually,1,0,0,1,1,/,New
517,1151,6,RSL,Annually,1,0,0,1,1,/,New
518,1176,6,STI,Annually,1,0,0,1,1,/,New
519,1177,6,STR,Annually,1,0,0,1,1,/,New
520,1080,6,PSOP,Annually,1,0,0,1,1,/,New
521,1067,6,ORAH,Annually,1,0,0,1,1,/,New
522,1195,6,PORH,Annually,1,0,0,1,1,/,New
523,1196,6,RFX,Annually,1,0,0,1,1,/,New
524,1070,6,WCT,Annually,1,0,0,1,1,/,New
525,1171,6,TI,Annually,1,0,0,1,1,/,New
526,1156,6,RSR,Annually,1,0,0,1,1,/,New
527,1172,6,TIR,Annually,1,0,0,1,1,/,New
528,1173,6,OLI,Annually,1,0,0,1,1,/,New
529,1174,6,OLR,Annually,1,0,0,1,1,/,New
530,1169,6,API,Annually,1,0,0,1,1,/,New
531,1158,6,APR,Annually,1,0,0,1,1,/,New
532,1199,6,ORH,Annually,1,0,0,1,1,/,New
533,1200,6,ARP,Annually,1,0,0,1,1,/,New
534,1159,6,CNT,Annually,1,0,0,1,1,/,New
535,1114,6,IHL,Annually,1,0,0,1,1,/,New
536,1117,6,RHL,Annually,1,0,0,1,1,/,New
537,1071,6,ORTA,Annually,1,0,0,1,1,/,New
538,1148,6,OPE,Annually,1,0,0,1,1,/,New
539,1210,6,COIA,Annually,1,0,0,1,1,/,New
540,1203,6,CWDI,Annually,1,0,0,1,1,/,New
541,1204,6,CWDR,Annually,1,0,0,1,1,/,New
542,1205,6,CIR,Annually,1,0,0,1,1,/,New
543,1207,6,CRHO,Annually,1,0,0,1,1,/,New
544,1208,6,OIM,Annually,1,0,0,1,1,/,New
545,1150,6,OLPR,Annually,1,0,0,1,1,/,New
546,1170,6,AIC,Annually,1,0,0,1,1,/,New
547,1238,6,BRI,Annually,1,0,0,1,1,/,New
548,1239,6,BSR,Annually,1,0,0,1,1,/,New
549,2240,6,RSE,Annually,1,0,0,1,1,/,New
550,2243,6,CRR,Annually,1,0,0,1,1,/,New
551,2244,6,CRI,Annually,1,0,0,1,1,/,New
552,2245,6,ROIA,Annually,1,0,0,1,1,/,New
553,2246,6,RORA,Annually,1,0,0,1,1,/,New
554,1043,7,ALP,Annually,1,0,0,1,1,/,New
555,1045,7,BUP,Annually,1,0,0,1,1,/,New
556,1055,7,OIS,Annually,1,0,0,1,1,/,New
557,1060,7,BUR,Annually,1,0,0,1,1,/,New
558,1063,7,BUI,Annually,1,0,0,1,1,/,New
559,1066,7,ORA,Annually,1,0,0,1,1,/,New
560,1069,7,RCT,Annually,1,0,0,1,1,/,New
561,1078,7,BOP,Annually,1,0,0,1,1,/,New
562,1085,7,POR,Annually,1,0,0,1,1,/,New
563,1088,7,BPP,Annually,1,0,0,1,1,/,New
564,1090,7,PSP,Annually,1,0,0,1,1,/,New
565,1094,7,ACP,Annually,1,0,0,1,1,/,New
566,1096,7,UOI,Annually,1,0,0,1,1,/,New
567,1098,7,FOR,Annually,1,0,0,1,1,/,New
568,1113,7,IHL,Annually,1,0,0,1,1,/,New
569,1115,7,HLR,Annually,1,0,0,1,1,/,New
570,1116,7,RHL,Annually,1,0,0,1,1,/,New
571,1074,7,ORP,Annually,1,0,0,1,1,/,New
572,1123,7,IBC,Annually,1,0,0,1,1,/,New
573,1147,7,OLP,Annually,1,0,0,1,1,/,New
574,1151,7,RSL,Annually,1,0,0,1,1,/,New
575,1176,7,STI,Annually,1,0,0,1,1,/,New
576,1177,7,STR,Annually,1,0,0,1,1,/,New
577,1080,7,PSOP,Annually,1,0,0,1,1,/,New
578,1067,7,ORAH,Annually,1,0,0,1,1,/,New
579,1195,7,PORH,Annually,1,0,0,1,1,/,New
580,1196,7,RFX,Annually,1,0,0,1,1,/,New
581,1070,7,WCT,Annually,1,0,0,1,1,/,New
582,1171,7,TI,Annually,1,0,0,1,1,/,New
583,1156,7,RSR,Annually,1,0,0,1,1,/,New
584,1172,7,TIR,Annually,1,0,0,1,1,/,New
585,1173,7,OLI,Annually,1,0,0,1,1,/,New
586,1174,7,OLR,Annually,1,0,0,1,1,/,New
587,1169,7,API,Annually,1,0,0,1,1,/,New
588,1158,7,APR,Annually,1,0,0,1,1,/,New
589,1199,7,ORH,Annually,1,0,0,1,1,/,New
590,1200,7,ARP,Annually,1,0,0,1,1,/,New
591,1159,7,CNT,Annually,1,0,0,1,1,/,New
592,1114,7,IHL,Annually,1,0,0,1,1,/,New
593,1117,7,RHL,Annually,1,0,0,1,1,/,New
594,1071,7,ORTA,Annually,1,0,0,1,1,/,New
595,1148,7,OPE,Annually,1,0,0,1,1,/,New
596,1210,7,COIA,Annually,1,0,0,1,1,/,New
597,1203,7,CWDI,Annually,1,0,0,1,1,/,New
598,1204,7,CWDR,Annually,1,0,0,1,1,/,New
599,1205,7,CIR,Annually,1,0,0,1,1,/,New
600,1207,7,CRHO,Annually,1,0,0,1,1,/,New
601,1208,7,OIM,Annually,1,0,0,1,1,/,New
602,1150,7,OLPR,Annually,1,0,0,1,1,/,New
603,1170,7,AIC,Annually,1,0,0,1,1,/,New
604,1238,7,BRI,Annually,1,0,0,1,1,/,New
605,1239,7,BSR,Annually,1,0,0,1,1,/,New
606,2240,7,RSE,Annually,1,0,0,1,1,/,New
607,2243,7,CRR,Annually,1,0,0,1,1,/,New
608,2244,7,CRI,Annually,1,0,0,1,1,/,New
609,2245,7,ROIA,Annually,1,0,0,1,1,/,New
610,2246,7,RORA,Annually,1,0,0,1,1,/,New
1554,1043,8,ALP,Annually,1,0,0,1,1,/,New
1555,1045,8,BUP,Annually,1,0,0,1,1,/,New
1556,1055,8,OIS,Annually,1,0,0,1,1,/,New
1557,1060,8,BUR,Annually,1,0,0,1,1,/,New
1558,1063,8,BUI,Annually,1,0,0,1,1,/,New
1559,1066,8,ORA,Annually,1,0,0,1,1,/,New
1560,1069,8,RCT,Annually,1,0,0,1,1,/,New
1561,1078,8,BOP,Annually,1,0,0,1,1,/,New
1562,1085,8,POR,Annually,1,0,0,1,1,/,New
1563,1088,8,BPP,Annually,1,0,0,1,1,/,New
1564,1090,8,PSP,Annually,1,0,0,1,1,/,New
1565,1094,8,ACP,Annually,1,0,0,1,1,/,New
1566,1096,8,UOI,Annually,1,0,0,1,1,/,New
1567,1098,8,FOR,Annually,1,0,0,1,1,/,New
1568,1113,8,IHL,Annually,1,0,0,1,1,/,New
1569,1115,8,HLR,Annually,1,0,0,1,1,/,New
1570,1116,8,RHL,Annually,1,0,0,1,1,/,New
1571,1074,8,ORP,Annually,1,0,0,1,1,/,New
1572,1123,8,IBC,Annually,1,0,0,1,1,/,New
1573,1147,8,OLP,Annually,1,0,0,1,1,/,New
1574,1151,8,RSL,Annually,1,0,0,1,1,/,New
1575,1176,8,STI,Annually,1,0,0,1,1,/,New
1576,1177,8,STR,Annually,1,0,0,1,1,/,New
1577,1080,8,PSOP,Annually,1,0,0,1,1,/,New
1578,1067,8,ORAH,Annually,1,0,0,1,1,/,New
1579,1195,8,PORH,Annually,1,0,0,1,1,/,New
1580,1196,8,RFX,Annually,1,0,0,1,1,/,New
1581,1070,8,WCT,Annually,1,0,0,1,1,/,New
1582,1171,8,TI,Annually,1,0,0,1,1,/,New
1583,1156,8,RSR,Annually,1,0,0,1,1,/,New
1584,1172,8,TIR,Annually,1,0,0,1,1,/,New
1585,1173,8,OLI,Annually,1,0,0,1,1,/,New
1586,1174,8,OLR,Annually,1,0,0,1,1,/,New
1587,1169,8,API,Annually,1,0,0,1,1,/,New
1588,1158,8,APR,Annually,1,0,0,1,1,/,New
1589,1199,8,ORH,Annually,1,0,0,1,1,/,New
1590,1200,8,ARP,Annually,1,0,0,1,1,/,New
1591,1159,8,CNT,Annually,1,0,0,1,1,/,New
1592,1114,8,IHL,Annually,1,0,0,1,1,/,New
1593,1117,8,RHL,Annually,1,0,0,1,1,/,New
1594,1071,8,ORTA,Annually,1,0,0,1,1,/,New
1595,1148,8,OPE,Annually,1,0,0,1,1,/,New
1596,1210,8,COIA,Annually,1,0,0,1,1,/,New
1597,1203,8,CWDI,Annually,1,0,0,1,1,/,New
1598,1204,8,CWDR,Annually,1,0,0,1,1,/,New
1599,1205,8,CIR,Annually,1,0,0,1,1,/,New
1600,1207,8,CRHO,Annually,1,0,0,1,1,/,New
1601,1208,8,OIM,Annually,1,0,0,1,1,/,New
1602,1150,8,OLPR,Annually,1,0,0,1,1,/,New
1603,1170,8,AIC,Annually,1,0,0,1,1,/,New
1604,1238,8,BRI,Annually,1,0,0,1,1,/,New
1605,1239,8,BSR,Annually,1,0,0,1,1,/,New
1606,2240,8,RSE,Annually,1,0,0,1,1,/,New
1607,2243,8,CRR,Annually,1,0,0,1,1,/,New
1608,2244,8,CRI,Annually,1,0,0,1,1,/,New
1609,2245,8,ROIA,Annually,1,0,0,1,1,/,New
1610,2246,8,RORA,Annually,1,0,0,1,1,/,New
