AR_ID,CMP_ID,FYR_ID,AR_VRNO,AR_DATE,AR_DELIVERY_DATE,CNTR_ID,PTY_ID,AR_CST_NAME,AR_CST_ADDRESS,AR_CNCT_NO,AR_IS_RATE_FIX,RM_ID,MTL_ID,AR_IS_BOOK_ITMS,AR_APROX_WT,AR_PAYMENT_AMT,AR_TOTAL_AMT,PMD_ID,RI_ID,RI_DATE,AR_NARR,AR_STLMT_STATUS,AR_STATUS,AR_RATE_PER_GM
1,101,1,APR/19-20/1,2019-05-19 00:00:00,2019-05-19 00:00:00,102,17,J PANIGRAHI,BBSR,9237073039,0,0,0,1,-72057594037927.94,720575940379353.6,1.6357073846609648e+17,0,0,,,Settled,New,-0.0
2,101,1,APR/19-20/2,2019-07-03 00:00:00,2019-07-03 00:00:00,102,16,abdul sattar,bbsr,9776339324,0,0,0,1,-72057594037927.94,720575940379416.1,1.5492382718154518e+17,0,0,,,Settled,New,-0.0
3,101,5,APR/23-24/1,2023-05-14 00:00:00,2023-05-14 00:00:00,102,18,SHIVANI SRIVASTAV,"JAGDALPUR,MADHYA PRADESH
",8319257936,0,0,0,1,-72057594037927.94,720575940379295.0,1.945555039024056e+16,10,0,,advance,Settled,New,-0.0
4,101,5,APR/23-24/2,2023-06-04 00:00:00,2023-06-04 00:00:00,102,19,BANALAXMI MOHANTY,"BBSR
",9937760917,0,0,0,1,-72057594037927.94,720575940379513.8,4.035225266123988e+16,10,0,,emi,Settled,New,-0.0
5,101,7,APR/25-26/1,2025-06-22 00:00:00,2025-06-22 00:00:00,102,20,BHAGYASHREE PATRA,BBSR,9090901488,0,0,0,1,-72057594037927.94,720575940379357.5,1.534826753007866e+17,239,0,,,Settled,New,-0.0
1005,101,7,APR/25-26/2,2025-10-30 00:00:00,2025-10-30 00:00:00,102,1020,SUMITRA JENA,"BBSR
",7894083568,0,0,0,1,-72057594037927.94,720575940379396.5,8646911284551470.0,408,0,,adv,NotSettled,New,-0.0
1006,101,7,APR/25-26/3,2025-10-30 00:00:00,2025-10-30 00:00:00,102,1021,SUMITRA JENA,"BBSR
",7894083568,0,0,0,1,-72057594037927.94,720575940379396.5,9367487224930748.0,408,0,,,NotSettled,New,-0.0
1007,101,7,APR/25-26/4,2025-10-29 00:00:00,2025-10-29 00:00:00,102,1023,SUMITRA JENA,"BBSR
",7894083568,0,0,0,1,-72057594037927.94,720575940379396.5,1.0808639105689308e+16,408,0,,,Settled,New,-0.0
1008,101,7,APR/25-26/5,2025-11-01 00:00:00,2025-11-01 00:00:00,102,1024,SANGRAM KESARI KHUNTIA,"BBSR
",6360871398,0,0,0,1,-72057594037927.94,720575940379396.5,1.945555039024066e+16,408,0,,,Settled,New,-0.0
1009,101,7,APR/25-26/6,2025-11-05 00:00:00,2025-11-05 00:00:00,102,1025,PRAKASH KUMAR,"BBSR
",0,0,0,0,1,-72057594037927.94,720575940379308.6,2.1617278211378412e+16,408,0,,,Settled,New,-0.0
1010,101,7,APR/25-26/7,2025-11-11 00:00:00,2025-11-11 00:00:00,102,1026,LALATENDEU SWAIN,"BBSR
",8984701027,0,0,0,1,-72057594037927.94,720575940379288.0,1.008806316530992e+16,412,0,,,Settled,New,-0.0
1011,101,7,APR/25-26/8,2025-10-29 00:00:00,2025-10-29 00:00:00,102,1028,ANUBHUTI SAHOO,"BBSR
",7077523510,0,0,0,1,-72057594037927.94,-720575940381435.6,-1.837468647967184e+17,415,0,,,Settled,New,-0.0
