ITM_ID,ITM_NAME,ITM_ALIAS,ITM_DESC,ITM_STATUS,ITM_IMAGE
101,NECKLACE,NKL,NECKLACE,Modified,
102,GENTSRING(916),GRG,,Modified,
103,EARTOP,ETP,EARTOP,Modified,
104,BANGLES,BNG,BANGLES,Modified,
105,BACK CHAIN,BCH,BACK CHAIN,New,
106,MANGALSUTRA BALL,MGB,MANGALSUTRA BALL,New,
107,MANGALSUTRA LOCKET,MSLKT,MANGALSUTRA LOCKET,Modified,
108,MANGALSUTRA (916),MGA,MANGALSUTRA,Modified,
109,SINTHI,SNT,SINTHI,New,
110,SANKHA (916),SNK,SANKHA,Modified,
111,ARMLET,AMT,ARMLET,Modified,
112,CHAIN (916),CHN,CHAIN,Modified,
113,BRONZE BANGELS,BRN,BRONZE BANGELS,Modified,
114,BRACLET,BRL,BRACLET,Modified,
115,BALI,BLI,BALI,Modified,
116,LOCKET (916),LKT,LOCKET,Modified,
117,PENDANT SET,PST,PENDANT SET,Modified,
118,EARCHAIN,EAR,EARCHAIN,Modified,
119,CB PAYAL,CBPYL,CB PAYAL,Modified,
120,ANKLET,ANK,ANKLET,New,
121,SILVER MANGALSUTRA,S MGS,SILVER MANGALSUTRA,New,
122,MUKUT,MKT,MUKUT,New,
123,KEYRING,KRG,KEYRING,Modified,
124,BOWL,BWL,BOWL,New,
125,GLASS,GLS,GLASS,Modified,
126,LOTA,LTA,LOTA,New,
127,SILVER COIN,CON,SILVER COIN,Modified,
128,SINDOOR STICK,STK,SINDOOR STICK,New,
129,SILVER RING,FRG,SILVER RING,New,
130,SILVER BALI,S BLI,SILVER BALI,New,
131,SILVER MURTI,MTI,SILVER MURTI,New,
132,TABIZ,TBZ,TABIZ,Modified,
133,SILVER BABY BANGLES,BBN,SILVER BABY BANGLES,New,
134,SILVER LOCKET,SLT,SILVER LOCKET,Modified,
135,CHAKI BANKI,CKBK,CHAKI BANKI,Modified,
136,SPOON,SPN,SPOON,New,
137,SAMUKA,SMK,SAMUKA,New,
138,SINDOOR FARUA,SFA,SINDOOR FARUA,Modified,
139,PLATE,PLT,PLATE,New,
140,SILVER BRACLET,SBC,SILVER BRACLET,Modified,
141,SILVER BANGLES,SBG,SILVER BANGLES,Modified,
142,SILVER CHAIN,SCH,SILVER CHAIN,Modified,
143,SILVER SET,SST,SILVER SET,New,
144,PEARL SET,PRL,PEARL SET,New,
145,GOLD PLATED SET,GPS,GOLD PLATED SET,New,
146,WEIST CHAIN,WST,WEIST CHAIN,New,
147,SILVER EARING,ERG,SILVER EARING,New,
148,PEARL EARING,PRG,PEARL EARING,New,
149,SHOW PIECE,SPC,SHOW PIECE,New,
150,SAREE PIN,SRN,SAREE PIN,New,
151,TOERING,TRG,TOERING,New,
152,BELL,BEL,BEL,Modified,
153,CRYSTAL MALI,CST,CRYSTAL MALI,Modified,
154,PEN,PEN,PEN,Modified,
155,BISCUIT,BST,BISCUIT,Modified,
156,SILVER SINTHI,SIT,SILVER SINTHI,New,
157,NAJRIA,NJR,NAJRIA,New,
158,HAIR CLIP,HCP,HAIR CLIP,New,
159,KAJALPATI,KJL,KAJALPATI,Modified,
160,PUJA ITEM,PJI,PUJA ITEM,Modified,
161,SINGHASAN,SSN,SINGHASAN,New,
162,DEEPA,DPA,DEEPA,New,
163,CHATRI,CTI,CHATRI,New,
164,GUAKATI,GTI,GUAKATI,New,
165,SILVER ARMLET,S AMT,SILVER ARMLET,New,
166,1 Gram Gold,1GM,1 Gram Gold,Modified,
167,FANCY ITEM,FNC,FANCY ITEM,New,
169,NOSEPIN,nps,,Modified,
175,MURTI,MTI,MURTI,Modified,
176,COIN,coin,,New,
177,Diamond,DMD,Diamond,Modified,
178,Amethyst,AMTHS,Amethyst,Modified,
179,Aquamarine,DMD,Diamond,Modified,
180,Blue Sapphires,AMTHS,Amethyst,Modified,
181,Cats Eye,CTEYS,Cats Eye,Modified,
182,Firoza,FIROZ,Firoza,Modified,
183,Garnet,GRNT,Garnet,Modified,
184,Gomed,GOMD,Gomed,Modified,
185,Iolite,IOLIT,Iolite,Modified,
186,Moon,MOON,Moon,Modified,
187,Blue Moon,BLMON,Blue Moon,Modified,
188,Onyx Panna,ONXPN,Onyx Panna,Modified,
189,Opal,OPAL,Opal,Modified,
190,Honey Opal,HNOPL,Honey Opal,Modified,
191,Panna,PANNA,Panna,Modified,
192,Burma Pearl,BRMPR,Burma Pearl,Modified,
193,South Sea Pearl,SUTPR,South Sea Pearl,Modified,
194,Ceylon Pearl,CYLPR,Ceylon Pearl,Modified,
195,Peridot,PRDT,Peridot,Modified,
196,Red Coral,RDCRL,Red Coral,Modified,
197,Ruby,RUBY,Ruby,Modified,
198,Citrine Stone,CTRST,Citrine Stone,Modified,
199,Star Ruby,STRRB,Star Ruby,Modified,
200,Tiger Eye,TGREY,Tiger Eye,Modified,
201,Turmaline,TRML,Turmaline,Modified,
202,White Coral,WHCRL,White Coral,Modified,
203,White Sapphires,WHSPR,White Sapphires,Modified,
204,White Topaz,WHTOP,White Topaz,Modified,
205,White Zircon,WHZIR,White Zircon,Modified,
206,Yellow Sapphires,YLSAP,Yellow Sapphires,Modified,
207,Yellow Topaz,YLTOP,Yellow Topaz,Modified,
208,Zed,ZED,Zed,Modified,
209,Agate,AGATE,Agate,Modified,
210,Astro Magnet,ASTMG,Astro Magnet,Modified,
211,Astro Diamond,ASTDM,Astro Diamod,Modified,
212,Blue Zircon,BLZIR,Blue Zircon,Modified,
213,Yellow Zircon,YLZIR,Yellow Zircon,Modified,
214,China Pearl,CHNPR,,Modified,
215,Ceylon Moon,CYLMN,Ceylon Moon,Modified,
216,Setrine,STRN,Setrine,Modified,
217,Blue Topaz,BLTPZ,Blue Topaz,Modified,
218,Emerald,EMRLD,Emerald,Modified,
219,Navaratna,NVRTN,Navaratna,Modified,
220,American Diamond,AD,American Diamond,Modified,
221,Black Star,BSTAR,Black Star,Modified,
222,Pearl,PRL,Pearl,Modified,
223,Lapiz,LAPIZ,,Modified,
224,Venejuala Pearl,VJP,.,Modified,
225,C.STONE,CSTNE,,Modified,
226,Puja Udrarini,UDRNI,Puja Udrarini,Modified,
227,DEFAULTs,DFLT,,New,
228,DEFAULT,DFLT,DEFAULT,Modified,
229,Ornaments,Gold,Ornaments,New,
230,24 CT Bullion,BLN,,Modified,
231,Ear Piercing,EPS,,Modified,
233,Gold Coin,G.C,,Modified,
234,JHARA (916),JHA,PLAIN,Modified,
235,EARRING(916),ERG,,Modified,
236,PENDI,E P,PLAIN,Modified,
237,GOLD BRATA,GBT,GOLD BRATA,Modified,
238,BABY RING (916),BRG,BABY RING (916),Modified,
239,S HOOK,SHK,S HOOK,Modified,
240,NECKLACE KADI,NKD,PLAIN,Modified,
241,MANGALSUTRA GOLD MALI,MGM,,New,
242,Kamar Pati,KP,Kamar Pati,New,
243,BENI,BENI,BENI,New,
244,OXIDSD,OXIDS,OXIDISED,New,
245,FANCY TOERING,FNCY ,FANCY TOERING,New,
246,PLAIN BICHHIA,PBC,PLAIN BICHHIA,New,
247,GHANTI,GHNT,GHANTI,New,
248,ELEPHANT,ELPHN,ELEPHANT,New,
249,MRUTI,MRT,MRUTI,New,
250,BABY JHUN JHUNA,BBJHN,BABY JHUN JHUNA,New,
251,THALI,THL,THALLI,New,
252,JHUN JHUNA,JHNJH,JHUN JHUNA,New,
253,Tulsi Gachha,TLG,,New,
254,Puja Spoon,PJSPN,Puja Spoon,New,
255,WEST BELT,WBLT,WEST BELT,New,
256,Puja Bulk Item,PBLK,Puja Bulk Item,New,
257,LUM SUM RING,LSRIN,LUM SUM RING,New,
258,Silver Show Piece,SSP,Silver Show Pc,Modified,
259,JUG,JG,JUG,New,
260,SILVER FANCY BOX,SFB,SILVER FANCY BOX,Modified,
261,DINNER SET,DS,DINNER SET,New,
262,LANTHAN,LTN,LANTHAN,New,
263,MRP,MRP,,New,
264,MRP CHAIN,CHN,MRP CHAIN,Modified,
265,MRP NECKLACE,NKL,MRP NECKLACE,Modified,
266,MRP BRACLET,BRLT,MRP BRACLET,Modified,
267,LADIES BANGLES,LDB,,New,
268,Silver Watch,WTC,Silver Watch,New,
269,MRP Ring,SRN,MRP Ring,New,
270,NECKLACE SET,NKL S,NECKLACE SET,Modified,
271,DIAMOND NOSE PIN,DNP,,Modified,
272,DIAMOND EAR RING,DER,,Modified,
273,DIAMOND RING,DR,,Modified,
274,DIAMOND NEKLACE,DNKL,,Modified,
275,DIAMOND PENDENT CHAIN,DPDNC,,Modified,
276,SILVER  BRATA,SLBRT,SILVER  BRATA,New,
277,HASTA PADMA,HPDMA,HASTA PADMA,New,
278,TAGID,TAGD,,New,
279,S GHUNGUR,S G,S GHUNGUR,New,
280,MRP EARTOP,METP,,New,
281,MRP BABY BANGEL,MBB,MRP BABY BANGEL,New,
282,MRP PENDENT SET,MPSET,MRP PENDENT SET,New,
283,MRP LOCKET,MLKT,MRP LOCKET,New,
284,FISH,FSH,,New,
285,KALASA,KLSA,,New,
286,DHUPA STAND,DS,,New,
287,PUJA MALA,PMLA,,New,
288,KHAINI DABBA,KDBA,,New,
289,CHAIN S,CHN S,,New,
290,CHITA,CHTA,CHITA,New,
292,MRP BRACELET,MBRCL,,Modified,
293,MRP MANGALSUTRA,MMGS,,New,
294,Bainsi,BNS,,New,
295,Silver Neckles,SNKL,,New,
296,Silver Photo Frame,SPF,,New,
297,SNAKE,SN,,New,
298,CRYSTAL  MALI,CMALI,CRYSTAL  MALI,New,
299,MOTI  TOPS,MTOP,MOTI  TOPS,New,
300,Gold Tali,GT,,New,
301,I MOTI SET,IMSET,I MOTI SET,New,
302,I RING,IRNG,I RING,Modified,
303,I MANGALSUTRA,IMGS,I MANGALSUTRA,Modified,
304,I ERTOP,ITOP,I ERTOP,Modified,
305,I PAYAL,IPYL,I PAYAL,New,
306,I BANGEL,IBNG,I BANGEL,New,
307,I PENDENT SET,IPNDT,I PENDENT SET,New,
308,I LOCKET,ILKT,I LOCKET,New,
309,Moti Mali,MM,Moti Mali,New,
310,SILVER KAINCHI,KNCHI,,Modified,
311,SILVER MIRROR,MRR,,Modified,
312,SILVER SAVING BRUSH,SAVBR,,Modified,
313,SILVER RAZOR,RZER,,Modified,
314,SILVER BRUSH,SBRS,,Modified,
315,SILVER KALAPATI,SKLPT,,New,
316,Rakhi,RKHI,Rakhi,Modified,
317,Gift Box,GFT,,New,
318,MRP NECK SET,MNSET,MRP NECK SET,New,
319,I NECK SET,INSET,I NECK SET,New,
320,I MALI,I MAL,IMITATION MALI,New,
321,I SINTHI,ISNTH,SINTHI,New,
322,XYZ ITEM,xyz,,New,
323,SILVER PAYAL FANCY,SPF,,New,
324,DEUNRIA,DNRA,,Modified,
325,SILVER GINA,GINA,,Modified,
326,SILVER GIFT,SLG,,New,
327,MANGALSUTRA CHAIN,MS CH,,Modified,
328,BABY KADA,BKDA,,New,
329,BABY KHADU,BKHD,,Modified,
331,LADIESRING (916),LRG,,Modified,
332,L Necklace,L NKL,L Necklace,New,
333,S Necklace,S NKL,S Necklace,New,
334,U Necklace,U NKL,U Necklace,New,
335,F Necklace,FNKL,F Necklace,New,
336,F RING,RNG,,Modified,
337,G C RING,G C R,,New,
338,BABY CHAIN (916),BCH,BABY CHAIN (916),Modified,
339,HM CHAIN,HM CH,,New,
340,CHAIN LOCKET,CHLKT,,New,
341,RULI,RULI,,New,
342,CHOOD,CHUD,,New,
343,CHOOD SANKHA,CHDS,,Modified,
344,EARRING BACKCHAIN,ERCHN,,Modified,
345,SJP PAYAL,SJPPY,,New,
346,PAYAL,PYL,,Modified,
347,Baby Locket,B LKT,,Modified,
348,KSS PAYAL,KSPYL,,New,
349,BABY BRACLET,B BRC,,Modified,
350,GANESH,GNSH,,Modified,
351,KHADU,SKD,,Modified,
352,ANTA BICHHA,ABC,ANTA BICHHA,New,
353,BRESLATE,BRL,,New,
354,GEENA,GNA,GEENA,New,
355,SILVER PUJA TRAY,PTY,SILVER PUJA TRAY,Modified,
356,SILVER TOY,STY,TOY,Modified,
357,LEGRING,LGR,LEGRING,New,
358,SILVER GADU,SGD,SILVER GADU,New,
359,SHIBA LINGA,SLG,SHIBA LINGA,New,
360,ALATI STAND,ATS,,New,
361,SILVER FINGER RING,SFR,SILVER FINGER RING,New,
362,JIBHACHELA,JCL,JIBHACHELA,New,
363,SILVER EAR WASH,SEA,SILVER EAR WASH,New,
364,SILVER AKHI,SAK,SILVER AKHI,New,
365,SILVER BANSI,BNS,SILVER BANSI,New,
366,SILVER TRISULA,STL,,New,
367,KATHAU,KTU,KATHAU,New,
368,BRONZE BAHUTI,BBT,BRONZE BAHUTI,New,
369,BRONZE KHADU,BKD,BRONZE KHADU,New,
370,BRONZE RULI,BRL,BRONZE RULI,New,
371,BRONZE CHUDI,BCH,BRONZE CHUDI,New,
372,SILVER KONARK CHAKRA,SKC,SILVER KONARK CHAKRA,Modified,
373,HAR (916),HAR,HAR,Modified,
374,TOP (916),TOP,TOP,Modified,
375,CHIK,CHK,CHIK,Modified,
376,JHUMUKA,JMA,JHUMUKA,New,
377,TIKILI,TKL,TIKILI,New,
378,LAXMI,LXM,LAXMI,New,
379,SAIBABA,SBA,,New,
380,GANESH LAXMI,GL,,New,
381,LAXMI GANESH SARASWATI,LGS,,New,
382,LAXMI WATCH,LWT,,New,
383,GANESH LAXMI WATCH,GLW,,New,
384,GANESH WATCH,GWT,,New,
385,NURSINGHA,NRS,,New,
386,HANUMAN,HNM,,New,
387,DURGA,DRG,,New,
388,BIRD,BRD,,New,
389,SIBA,SBA,,New,
390,RADHA KURSHNA,RDK,,New,
391,OMM,OMM,,New,
392,KRUSHNA,KRS,,New,
393,FLOWER,FLW,,New,
394,RAM LAXMAN SITA,RLS,,New,
395,JAGNNNATH,JGN,,New,
396,SIBA LINGA,SLG,,New,
397,BAJUBANDHA,BBD,,New,
398,BRONZE BAJU,BRJ,,New,
399,DIAMOND TOP,DTOP,DIAMOND TOP,New,
400,FASIA,FSA,,New,
401,AKHI,AKH,,New,
402,NOSERING,NSG,,New,
403,TOP (22CT),TP,TOP (22CT),New,
404,SANKHA (22CT),SNKH,SANKHA (22CT),New,
405,MANGALASUTRA (22CT),MNST,MANGALASUTRA (22CT),Modified,
406,LOCKET (22CT),LKT,LOCKET (22CT),New,
407,LADIES RING (22CT),LRG,LADIES RING (22CT),New,
408,JHARA (22CT),JHR,JHARA (22CT),New,
409,HAR (22CT),HR,HAR (22CT),New,
410,CHAIN (22CT),CHN,CHAIN (22CT),New,
411,BABY RING (22CT),BRNG,BABY RING (22CT),New,
412,BABY CHAIN (22CT),BCHN,BABY CHAIN (22CT),New,
413,DIAMOND MANGALSUTRA,DMGA,DIAMOND MANGALSUTRA,New,
414,DIAMOND MANGALSUTRA LOCKET,DMGLK,DIAMOND MANGALSUTRA LOCKET,New,
415,DIAMOND PENDAT,DPDN,DIAMOND PENDAT,New,
416,BELAPATRA,BPT,,New,
417,SILVER GENTS RING,SGR,,New,
418,GOLD KHADU,GKHD,GOLD KHADU,New,
419,GENTS RING(22 CT),GRG,,Modified,
420,EARRING(22),ERG,,New,
421,SILVER BRATA,SBT,,New,
422,SILVER LADIES RING,SLR,,Modified,
423,SILVER WEDDING RING,SWR,,New,
424,ANY,ANY,ANY ITEM,Modified,
426,PANAPATRA,PTR,,New,
427,DIAMOND LOCKET,DLKT,,New,
428,BRONZE KADA,BRK,,New,
429,SILVER NOTE,SNT,,New,
430,SILVER KADIA,SKD,,New,
431,GENTSEARING (22CT),GER,GENTSEARING (22CT),Modified,
432,GENTSEARING (916),GER,GENTSEARING (916),Modified,
433,GENTS RING(18CT),GRG,GENTS RING 18CT,New,
434,LADIES RING(18CT),LRG,LADIES RING 18CT,New,
435,DIAMOND CHAIN,DCH,DIOMOND CHAIN,New,
436,SILVER RING,SGR,SILVERRING,New,
437,SILVER KADA,SKD,SILVER KADA,New,
438,DEUNRIA(Pcs),DNRA,DEUNRIA,New,
439,REJECT,RJ,REJECT,New,
440,RING,RNG,RING,Modified,
441,TABIZ(Pcs),TBZ,TABIZ,New,
442,STONE NOESPIN,SNP,STONE NOESPIN,New,
443,NOSEPIN NKD,NPNK,NonKDM Nosepin,New,
444,LADIES RING,LRG,,New,
445,LADIES BRACELET,LBR,,Modified,
446,24 CT,24KC,,Modified,
447,NATHIA MANG TIKA,NTMT,,New,
