ITM_ID,PRDT_ID,FYR_ID,CMP_ID,ITM_OB_PCS,ITM_OB_WT,ITM_OB_NET_WT,ITM_OB_AMT
101,103,2,101,30,568.52,568.52,0.0
102,103,2,101,48,203.7,203.7,0.0
103,103,2,101,29,123.08,123.08,0.0
107,103,2,101,23,122.78,122.78,0.0
108,103,2,101,2,38.78,38.78,0.0
110,103,2,101,53,202.58,202.58,0.0
112,103,2,101,35,509.57,509.57,0.0
114,103,2,101,8,120.81,120.81,0.0
115,103,2,101,29,73.9,73.9,0.0
118,103,2,101,6,28.0,28.0,0.0
235,103,2,101,36,157.49,157.49,0.0
236,103,2,101,2,7.34,7.34,0.0
238,103,2,101,3,1.61,1.61,0.0
241,103,2,101,4,29.37,29.37,0.0
331,103,2,101,57,152.3,152.3,0.0
338,103,2,101,10,36.79,36.79,0.0
342,103,2,101,10,214.39,214.39,0.0
374,103,2,101,20,50.97,50.97,0.0
407,103,2,101,11,13.81,13.81,0.0
411,103,2,101,9,4.48,4.48,0.0
419,103,2,101,12,16.74,16.74,0.0
444,103,2,101,1,1.65,1.65,0.0
445,103,2,101,1,4.32,4.32,0.0
446,103,2,101,1,100.0,100.0,0.0
101,103,3,101,27,494.43,494.43,0.0
102,103,3,101,34,152.19,152.19,0.0
103,103,3,101,37,137.08,137.08,0.0
107,103,3,101,18,92.75,92.75,0.0
108,103,3,101,2,38.78,38.78,0.0
110,103,3,101,30,109.91,109.91,0.0
112,103,3,101,25,367.9,367.9,0.0
114,103,3,101,5,69.49,69.49,0.0
115,103,3,101,17,47.24,47.24,0.0
118,103,3,101,4,20.34,20.34,0.0
235,103,3,101,44,190.14,190.14,0.0
236,103,3,101,7,44.54,44.54,0.0
238,103,3,101,3,1.61,1.61,0.0
241,103,3,101,5,35.46,35.46,0.0
331,103,3,101,68,196.05,196.05,0.0
338,103,3,101,7,26.66,26.66,0.0
342,103,3,101,7,143.63,143.63,0.0
374,103,3,101,9,28.08,28.08,0.0
407,103,3,101,1,1.45,1.45,0.0
411,103,3,101,3,1.53,1.53,0.0
419,103,3,101,1,2.0,2.0,0.0
444,103,3,101,1,1.65,1.65,0.0
445,103,3,101,1,4.32,4.32,0.0
446,103,3,101,0,0.0,0.0,0.0
101,103,4,101,29,548.05,548.05,0.0
102,103,4,101,42,191.7,191.7,0.0
103,103,4,101,13,56.73,56.73,0.0
107,103,4,101,11,49.8,49.8,0.0
108,103,4,101,2,38.78,38.78,0.0
110,103,4,101,19,63.86,63.86,0.0
112,103,4,101,25,374.08,374.08,0.0
114,103,4,101,7,102.76,102.76,0.0
115,103,4,101,24,68.73,68.73,0.0
116,103,4,101,54,134.25,134.25,0.0
118,103,4,101,5,25.93,25.93,0.0
235,103,4,101,50,230.78,230.78,0.0
236,103,4,101,3,22.05,22.05,0.0
238,103,4,101,2,0.7,0.7,0.0
241,103,4,101,1,5.1,5.1,0.0
272,107,4,101,17,20.36,20.234,173983.0
273,107,4,101,24,35.66,35.28,287988.0
275,107,4,101,3,5.8,5.74,50997.0
331,103,4,101,50,134.94,134.94,0.0
338,103,4,101,4,15.12,15.12,0.0
342,103,4,101,4,103.09,103.09,0.0
374,103,4,101,1,4.11,4.11,0.0
403,103,4,101,7,13.67,13.67,0.0
407,103,4,101,1,1.45,1.45,0.0
411,103,4,101,1,0.51,0.51,0.0
427,107,4,101,12,13.16,12.494,107988.0
444,103,4,101,1,1.65,1.65,0.0
445,103,4,101,1,4.32,4.32,0.0
446,103,4,101,2,109.81,109.81,0.0
101,103,5,101,29,432.53,432.53,0.0
102,103,5,101,52,209.75,209.75,0.0
103,103,5,101,43,108.82,108.82,0.0
107,103,5,101,20,91.64,91.64,0.0
108,103,5,101,1,22.33,22.33,0.0
110,103,5,101,54,214.47,214.47,0.0
112,103,5,101,28,428.9,428.9,0.0
114,103,5,101,6,71.36,71.36,0.0
115,103,5,101,22,62.47,62.47,0.0
116,103,5,101,65,153.96,153.96,0.0
118,103,5,101,4,20.49,20.49,0.0
235,103,5,101,59,292.1,292.1,0.0
236,103,5,101,4,21.58,21.58,0.0
238,103,5,101,6,6.45,6.45,0.0
271,107,5,101,30,10.84,10.674,234346.0
272,107,5,101,7,10.96,10.856,142349.0
273,107,5,101,63,97.89,96.974,1352344.0
275,107,5,101,1,1.91,1.89,16999.0
327,103,5,101,6,49.68,49.68,0.0
331,103,5,101,66,193.37,193.37,0.0
338,103,5,101,10,38.43,38.43,0.0
342,103,5,101,3,78.41,78.41,0.0
374,103,5,101,9,25.13,25.13,0.0
399,107,5,101,23,26.03,25.18,387961.0
403,103,5,101,1,2.23,2.23,0.0
407,103,5,101,6,9.34,9.34,0.0
411,103,5,101,1,0.51,0.51,0.0
413,107,5,101,5,14.99,14.962,156807.0
427,107,5,101,17,14.13,13.978,207746.0
444,103,5,101,1,1.65,1.65,0.0
445,103,5,101,4,23.86,23.86,0.0
446,103,5,101,2,109.81,109.81,0.0
101,103,6,101,35,522.26,522.26,0.0
102,103,6,101,50,216.48,216.48,0.0
103,103,6,101,23,44.38,44.38,0.0
107,103,6,101,27,124.97,124.97,0.0
110,103,6,101,43,179.69,179.69,0.0
112,103,6,101,19,261.93,261.93,0.0
114,103,6,101,6,57.12,57.12,0.0
115,103,6,101,27,55.52,55.52,0.0
116,103,6,101,60,135.93,135.93,0.0
118,103,6,101,4,19.56,19.56,0.0
119,104,6,101,69,3159.96,3159.96,0.0
125,104,6,101,4,202.18,202.18,0.0
126,104,6,101,6,542.06,542.06,0.0
136,104,6,101,16,248.07,248.07,0.0
139,104,6,101,16,1295.81,1295.81,0.0
160,104,6,101,16,373.69,373.69,0.0
162,104,6,101,37,880.24,880.24,0.0
235,103,6,101,67,282.8,282.8,0.0
238,103,6,101,5,5.53,5.53,0.0
241,103,6,101,1,7.65,7.65,0.0
247,104,6,101,2,186.77,186.77,0.0
249,104,6,101,63,1420.83,1420.83,0.0
271,107,6,101,27,10.21,10.048,231405.0
272,107,6,101,6,8.89,8.788,138652.0
273,107,6,101,62,100.74,99.718,1487474.0
327,103,6,101,3,41.95,41.95,0.0
329,103,6,101,5,11.88,11.88,0.0
331,103,6,101,52,162.33,162.33,0.0
338,103,6,101,3,8.18,8.18,0.0
342,103,6,101,8,184.82,184.82,0.0
346,104,6,101,55,2820.41,2820.41,0.0
354,104,6,101,7,300.83,300.83,0.0
374,103,6,101,14,32.55,32.55,0.0
399,107,6,101,19,22.02,21.194,346663.0
402,103,6,101,2,3.04,3.04,0.0
406,103,6,101,6,6.29,6.29,0.0
407,103,6,101,13,26.49,26.49,0.0
413,107,6,101,1,2.79,2.78,31255.0
420,103,6,101,15,28.27,28.27,0.0
427,107,6,101,17,15.08,14.896,250262.0
444,103,6,101,7,15.88,15.88,0.0
445,103,6,101,1,6.59,6.59,0.0
446,103,6,101,2,109.81,109.81,0.0
101,103,8,101,28,414.36,414.36,0.0
102,103,8,101,56,277.01,277.01,0.0
103,103,8,101,14,23.67,23.67,0.0
104,103,8,101,1,25.87,25.87,0.0
107,103,8,101,28,89.6,89.6,0.0
108,103,8,101,4,17.24,17.24,0.0
109,103,8,101,1,3.42,3.42,0.0
110,103,8,101,33,102.03,102.03,0.0
112,103,8,101,24,366.76,366.76,0.0
114,103,8,101,9,138.76,138.76,0.0
115,103,8,101,40,82.55,82.55,0.0
116,103,8,101,69,177.7,177.7,0.0
118,103,8,101,4,16.68,16.68,0.0
119,104,8,101,38,1889.12,1889.12,0.0
125,104,8,101,2,112.45,112.45,0.0
126,104,8,101,4,369.86,369.86,0.0
136,104,8,101,6,140.99,140.99,0.0
139,104,8,101,15,1224.04,1224.04,0.0
160,104,8,101,15,360.77,360.77,0.0
162,104,8,101,34,835.33,835.33,0.0
235,103,8,101,114,398.86,398.86,0.0
238,103,8,101,3,3.32,3.32,0.0
241,103,8,101,2,15.44,15.44,0.0
247,104,8,101,2,186.77,186.77,0.0
249,104,8,101,62,1418.57,1418.57,0.0
271,107,8,101,26,9.84,9.578,322600.0
273,107,8,101,34,63.33,62.694,1400199.0
329,103,8,101,4,9.41,9.41,0.0
331,103,8,101,80,255.73,255.73,0.0
338,103,8,101,9,31.38,31.38,0.0
346,104,8,101,30,1882.45,1882.45,0.0
354,104,8,101,7,300.83,300.83,0.0
369,103,8,101,1,3.3,3.3,0.0
374,103,8,101,5,14.66,14.66,0.0
399,107,8,101,10,11.58,11.43,275819.0
402,103,8,101,2,3.04,3.04,0.0
406,103,8,101,9,12.13,12.13,0.0
407,103,8,101,15,22.72,22.72,0.0
419,103,8,101,6,14.4,14.4,0.0
420,103,8,101,53,115.5,115.5,0.0
427,107,8,101,12,11.45,11.29,312073.0
444,103,8,101,16,27.39,27.39,0.0
445,103,8,101,2,15.06,15.06,0.0
446,103,8,101,2,109.81,109.81,0.0
