OP_ID,CMP_ID,FYR_ID,OP_VRNO,OP_DATE,MTL_ID,PRDT_ID,PTY_ID,CNTR_ID,OP_TYPE,ESTB_ID,OP_CST_NAME,OP_CST_ADDRESS,OP_GRS_WT,OP_STN_WT,OP_NET_WT,OP_NET_PURE_WT,OP_MTL_AMT,OP_STN_AMT,OP_TOTAL_AMT,PMD_ID,OP_PURCHASE_STATUS,OP_NRR,OP_STATUS
1,101,1,OLP/19-20/1,2019-04-29 00:00:00,101,103,2,102,OldPurchase,0,BIKRAM,"BBSR
",3.0,0.0,3.0,2.7,8000.0,0.0,8000.0,47,New,,New
2,101,1,OLP/19-20/2,2019-06-13 00:00:00,101,103,2,102,OldPurchase,0,S.SAHOO,"BBSR
",4.0,0.0,4.0,3.2,8998.0,0.0,9000.0,125,New,,New
3,101,1,OLP/19-20/3,2019-08-07 00:00:00,101,103,2,102,OldPurchase,0,S.NANDI,,9.0,0.0,9.0,7.2,24797.0,0.0,24800.0,232,New,,New
4,101,1,OLP/19-20/4,2019-08-07 00:00:00,101,103,2,102,OldPurchase,0,S.PATTNAIK,"BBSR
",12.0,0.0,12.0,10.8,35402.0,0.0,35400.0,236,New,,New
5,101,1,OLP/19-20/5,2019-10-05 00:00:00,101,103,2,102,OldPurchase,0,B.K.LENKA,BBSR,19.05,0.0,19.05,18.098,62004.0,0.0,62000.0,325,New,,Modified
6,101,1,OLP/19-20/6,2019-11-30 00:00:00,101,103,2,102,OldPurchase,0,P.SHARMA,"BBSR
",3.0,0.0,3.0,2.4,8801.0,0.0,8800.0,495,New,,New
7,101,3,OLP/21-22/1,2021-10-26 00:00:00,101,103,2,102,OldPurchase,0,RAMESH ROUT,"BBSR
",11.0,0.0,11.0,9.9,43996.0,0.0,44000.0,1407,New,,New
8,101,4,OLP/22-23/1,2023-01-18 00:00:00,101,103,2,102,OldPurchase,0,KISLAY KUMAR,"TANKAPANI
",27.0,0.0,27.0,21.6,114761.0,0.0,114761.0,2361,New,,New
9,101,4,OLP/22-23/2,2023-02-01 00:00:00,101,103,2,102,OldPurchase,0,SANTOSH BEHERA,"BBSR
",3.89,0.0,3.89,3.89,22815.0,0.0,22815.0,2393,New,,New
10,101,4,OLP/22-23/3,2023-02-04 00:00:00,101,103,2,102,OldPurchase,0,BINAPANI DEI,"BBSR
",10.0,0.0,10.0,9.5,48004.0,0.0,48000.0,2397,New,,New
11,101,4,OLP/22-23/4,2023-02-06 00:00:00,101,103,2,102,OldPurchase,0,PRADIP NANDA,BBSR,4.0,0.0,4.0,3.6,18000.0,0.0,18000.0,2401,New,,Modified
12,101,4,OLP/22-23/5,2023-02-06 00:00:00,101,103,2,102,OldPurchase,0,S.A.C. DECOR,"BBSR
",2.7,0.0,2.7,2.43,11601.0,0.0,11600.0,2403,New,,New
13,101,4,OLP/22-23/6,2023-02-07 00:00:00,101,103,2,102,OldPurchase,0,KABULI JENA,"BBSR
",3.7,0.0,3.5,2.625,12999.0,0.0,13000.0,2405,New,,New
14,101,4,OLP/22-23/7,2023-02-10 00:00:00,101,103,2,102,OldPurchase,0,BISWARANJAN SAHOO,"BBSR
",5.5,0.0,5.5,4.4,22502.0,0.0,22500.0,2409,New,,New
15,101,4,OLP/22-23/8,2023-02-10 00:00:00,101,103,2,102,OldPurchase,0,MADHUSMITA BARIK,"BBSR
",5.0,0.0,5.0,4.0,20000.0,0.0,20000.0,2411,New,,New
16,101,4,OLP/22-23/9,2023-02-16 00:00:00,101,103,2,102,OldPurchase,0,KIRAN MAYEE RAJ,"BBSR
",2.0,0.0,2.0,1.6,8000.0,0.0,8000.0,2431,New,,New
17,101,4,OLP/22-23/10,2023-02-21 00:00:00,101,103,2,102,OldPurchase,0,PRASANT KUMAR NAYAK,"BBSR
",2.5,0.0,2.5,2.375,12001.0,0.0,12000.0,2437,New,,New
18,101,4,OLP/22-23/11,2023-02-28 00:00:00,101,103,2,102,OldPurchase,0,SUBASH MOHANTY,"JHARPADA
",1.7,0.0,1.7,1.275,5001.0,0.0,5000.0,2448,New,,New
19,101,4,OLP/22-23/12,2023-02-28 00:00:00,102,104,2,102,OldPurchase,0,LOPAMUDRA ROUT,,35.0,0.0,35.0,21.0,1008.0,0.0,1000.0,2450,New,,New
20,101,4,OLP/22-23/13,2023-02-28 00:00:00,101,103,2,102,OldPurchase,0,CHANDRAMA PRADHAN,"JHARPADA
",5.5,0.0,5.5,4.4,19998.0,0.0,20000.0,2452,New,,New
21,101,4,OLP/22-23/14,2023-03-03 00:00:00,101,103,2,102,OldPurchase,0,PRIYANKA CHOTRAY,"BBSR
",5.5,0.0,5.5,4.95,21498.0,0.0,21500.0,2459,New,,New
22,101,4,OLP/22-23/15,2023-03-16 00:00:00,101,103,2,102,OldPurchase,0,SMRUTISHREE MOHANTY,"LAXMI SAGAR,STAGE-2",4.0,0.0,4.0,3.6,16999.0,0.0,17000.0,2471,New,,Modified
23,101,4,OLP/22-23/16,2023-03-18 00:00:00,101,103,2,102,OldPurchase,0,PRADEEP DUTTA,"KESURA
",1.0,0.0,1.0,0.1,4000.0,0.0,4000.0,2479,New,,New
24,101,4,OLP/22-23/17,2023-03-21 00:00:00,101,103,2,102,OldPurchase,0,BABULA PRADHAN,"JHARPADA
",25.0,0.0,25.0,17.5,87500.0,0.0,87500.0,2485,New,excng,New
25,101,4,OLP/22-23/18,2023-03-21 00:00:00,101,103,2,102,OldPurchase,0,DEEPAK PRADHAN,"BBSR
",24.0,0.0,24.0,16.8,87494.0,0.0,87500.0,2486,New,,New
26,101,4,OLP/22-23/19,2023-03-26 00:00:00,101,103,2,102,OldPurchase,0,PABI SAHOO,"BBSR
",3.4,0.0,3.4,3.06,16301.0,0.0,16300.0,2496,New,,New
27,101,4,OLP/22-23/20,2023-03-29 00:00:00,101,103,2,102,OldPurchase,0,PRAVATI SWAIN,"BBSR
",2.0,0.0,2.0,1.5,7200.0,0.0,7200.0,2500,New,,New
28,101,5,OLP/23-24/1,2023-04-06 00:00:00,101,103,2,102,OldPurchase,0,CHANDAN MONDAL,"BBSR
",3.32,0.0,3.32,3.32,17799.0,0.0,17800.0,2506,New,,New
29,101,5,OLP/23-24/2,2023-04-08 00:00:00,101,103,2,102,OldPurchase,0,PRAFULLA PARIDA,"JAGAMARA
",18.0,0.0,18.0,16.2,86006.0,0.0,86000.0,2509,New,,New
30,101,5,OLP/23-24/3,2023-04-09 00:00:00,101,103,2,102,OldPurchase,0,GOPAL PANDEY,"BBSR
",9.0,0.0,9.0,8.1,41998.0,0.0,42000.0,2511,New,,New
31,101,5,OLP/23-24/4,2023-04-10 00:00:00,101,103,2,102,OldPurchase,0,CASH,,9.5,0.0,9.5,8.55,40997.0,0.0,41000.0,2513,New,,New
32,101,5,OLP/23-24/5,2023-04-14 00:00:00,101,103,2,102,OldPurchase,0,SURAT SAHOO,"BBSR
",2.9,0.0,2.9,2.32,11099.0,0.0,11100.0,2520,New,,New
33,101,5,OLP/23-24/6,2023-04-19 00:00:00,101,103,2,102,OldPurchase,0,JAYANTI SWAIN,"BBSR
",2.5,0.0,2.5,2.0,10000.0,0.0,10000.0,2526,New,,New
34,101,5,OLP/23-24/7,2023-04-22 00:00:00,101,103,2,102,OldPurchase,0,SANTOSH MAHARANA,"BBSR
",13.0,0.0,13.0,11.7,61998.0,0.0,62000.0,2538,New,,New
35,101,5,OLP/23-24/8,2023-04-23 00:00:00,101,103,2,102,OldPurchase,0,SAILESH MOHANTY,"BBSR
",4.0,0.0,4.0,2.4,12000.0,0.0,12000.0,2543,New,,New
36,101,5,OLP/23-24/9,2023-04-23 00:00:00,101,103,2,102,OldPurchase,0,LAXMI PRIYA PARIDA,"BBSR
",4.0,0.0,4.0,2.8,14501.0,0.0,14500.0,2546,New,,New
37,101,5,OLP/23-24/10,2023-04-23 00:00:00,101,103,2,102,OldPurchase,0,SURYA MAHARANA,"BBSR
",9.0,0.0,9.0,7.2,38002.0,0.0,38000.0,2549,New,,New
38,101,5,OLP/23-24/11,2023-04-23 00:00:00,101,103,2,102,OldPurchase,0,KANHA JENA,"BBSR
",2.0,0.0,2.0,1.6,8000.0,0.0,8000.0,2552,New,,New
39,101,5,OLP/23-24/12,2023-04-30 00:00:00,101,103,2,102,OldPurchase,0,BIJAY BEHERA,"BBSR
",3.5,0.0,3.5,2.625,13700.0,0.0,13700.0,2567,New,,New
40,101,5,OLP/23-24/13,2023-05-09 00:00:00,101,103,2,102,OldPurchase,0,MADHUMITA MAHAPATRA,"BBSR
",0.592,0.0,0.592,0.474,2400.0,0.0,2400.0,2576,New,,New
41,101,5,OLP/23-24/14,2023-05-09 00:00:00,101,103,2,102,OldPurchase,0,BRAHMANAND JENA,"BANKUALA
",5.0,0.0,5.0,4.0,20000.0,0.0,20000.0,2578,New,,New
42,101,5,OLP/23-24/15,2023-05-10 00:00:00,101,103,2,102,OldPurchase,0,PRATAP PRESS,"BBSR
",8.0,0.0,8.0,6.4,32000.0,0.0,32000.0,2581,New,,New
43,101,5,OLP/23-24/16,2023-06-05 00:00:00,101,103,2,102,OldPurchase,0,BANALAXMI MOHANTY,"BBSR
",6.0,0.0,6.0,4.5,23998.0,0.0,24000.0,2620,New,,New
44,101,5,OLP/23-24/17,2023-06-21 00:00:00,101,103,2,102,OldPurchase,0,JHANSI BEHERA,"BBSR
",1.5,0.0,1.5,1.2,5000.0,0.0,5000.0,2638,New,,New
45,101,5,OLP/23-24/18,2023-09-27 00:00:00,101,103,2,102,OldPurchase,0,SUJATA NAYAK,"BBSR
",5.5,0.0,5.5,4.235,22200.0,0.0,22200.0,2725,New,,New
46,101,5,OLP/23-24/19,2023-11-07 00:00:00,101,103,2,102,OldPurchase,0,PANCHANAN SHARMA,"BBSR
",4.0,0.0,4.0,3.2,16998.0,0.0,17000.0,2782,New,,New
47,101,5,OLP/23-24/20,2023-12-17 00:00:00,101,103,2,102,OldPurchase,0,CHANDAN SAHOO(SAHA),"BBSR
",2.7,0.0,2.7,2.43,13730.0,0.0,13730.0,2961,New,,New
48,101,5,OLP/23-24/21,2024-01-29 00:00:00,102,104,2,102,OldPurchase,0,SUBRAT MARTHA ,"JHARPADA
",15.0,0.0,15.0,7.5,300.0,0.0,300.0,3039,New,"exchange
",New
49,101,5,OLP/23-24/22,2024-02-04 00:00:00,101,103,2,102,OldPurchase,0,SANGITA DAS,"PALASUNI
",1.1,0.0,1.1,0.99,5200.0,0.0,5200.0,3050,New,"exchange
",New
50,101,6,OLP/24-25/1,2025-02-11 00:00:00,101,103,2,102,OldPurchase,0,ABHISHEK MOHAPATRA,"BADAGADA
",2.77,0.0,2.77,2.521,19901.0,0.0,19900.0,26361,New,,New
51,101,6,OLP/24-25/2,2025-02-11 00:00:00,101,103,2,102,OldPurchase,0,JAYDEV SAHOO,"LAXMISAGAR
",19.0,0.0,19.0,17.1,137501.0,0.0,137500.0,26363,New,,New
52,101,7,OLP/25-26/1,2025-07-12 00:00:00,102,104,2,102,OldPurchase,0,PRIYANKA PRIYADARSINI,"JHARPADA
",15.0,0.0,15.0,7.5,548.0,0.0,550.0,72398,New,,New
53,101,7,OLP/25-26/2,2025-07-12 00:00:00,101,103,2,102,OldPurchase,0,CASH,,15.0,0.0,15.0,11.25,49995.0,0.0,50000.0,72401,New,,New
