DSGN_ID,DSGN_NAME,DSGN_ALIAS,DSGN_DESC,DSGN_STATUS
101,FANCY,FNC,,New
102,PLAIN,PLN,RING,New
121,PAYAL,PYL,PAYAL,New
122,ANK,ANK,ANKLET,New
123,SMS,SMS,SILVER MANGALSUTRA,New
124,MKT,MKT,MUKUT,New
125,KRG,KRG,,New
126,BWL,BWL,,New
127,GLS,GLS,,New
128,LTA,LTA,,New
129,CON,CON,,New
130,STK,STK,,New
131,SRG,SRG,,New
132,SBL,SBL,,New
133,SMT,SMT,,New
134,TBZ,TBZ,,New
135,BBN,BBN,,New
136,CKB,CKB,,New
137,SPN,SPN,,New
138,SMK,SMK,,New
139,SBX,SBX,,New
140,PLT,PLT,,New
141,SBC,SBC,,New
142,SBG,SBG,,New
143,SCH,SCH,,New
144,SST,SST,,New
145,PST,PST,,New
146,WST,WST,,Modified
147,ERG,ERG,,New
149,SPC,SPC,,New
150,TRG,TRG,,New
151,BEL,BEL,,Modified
152,PEN,PEN,,New
153,NJR,NJR,,New
154,SNG,SNG,,New
155,DPA,DPA,,New
156,CHT,CHT,,New
157,1GM,1GM,,New
158,DRG,CST,,New
159,KAJAL,KJL,KAJAL,
160,AMT,AMT,,Modified
161,GTI,GTI,,New
162,LKT,LKT,,New
164,BST,BST,,New
165,HRC,HRC,,New
166,SRP,SRP,,New
167,CRM,CRM,,New
168,CASTING,CST,,Modified
172,BULLION,CST,,New
173,Ear Piercing,EPS,,New
