CLR_ID,CLR_NAME,CLR_ALIAS,STN_ID,CLR_DESC,CLR_STATUS
101,D,D,0,D,New
102,E,E,0,E,New
103,F,F,0,F,New
104,G,G,0,G,New
105,H,H,0,H,New
106,I,I,0,I,New
107,J,J,0,J,New
108,K,K,0,K,New
109,L,L,0,L,New
110,M,M,0,M,New
111,N,N,0,N,New
112,O,O,0,O,New
113,P,P,0,P,New
114,Q,Q,0,Q,New
115,R,R,0,R,New
116,S,S,0,S,New
117,T,T,0,T,New
118,U,U,0,U,New
119,V,V,0,V,New
120,W,W,0,W,New
121,X,X,0,X,New
122,Y,Y,0,Y,New
123,Z,Z,0,Z,New
124,EF,EF,0,EF,New
125,FG,FG,0,FG,New
126,GH,GH,0,GH,New
127,GHI,GHI,0,GHI,New
128,HI,HI,0,HI,New
129,IJ,IJ,0,IJ,New
130,HIJ,HIJ,0,HIJ,New
131,JK,JK,0,JK,New
132,KL,KL,0,KL,New
133,JKL,JKL,0,JKL,New
134,LM,LM,0,LM,New
135,KLM,KLM,0,KLM,New
136,MN,MN,0,MN,New
137,NO,NO,0,NO,New
138,Default,DFLT,0,Default,New
139,FGH,FGH,0,FGH,New
140,"K-L,Ft.Brown",K-L,0,"K-L,Ft.Brown",New
141,"M-N,Ft.Brown","M-N,F",0,"M-N,Ft.Brown",New
142,"L-M,Ft.Brown",L-M,0,"L-M,Ft.Brown",New
143,"J-K-L,Ft.Brown",J-K-L,0,"J-K-L,Ft.Brown",New
144,I-J-K,IJK,0,I-J-K,New
