RI_ID,OA_SLNO,OP_ID,OA_AMT
43,1,1,8000.0
114,1,2,9000.0
212,1,3,24800.0
215,1,4,35400.0
295,1,5,62000.0
449,1,6,8800.0
1266,1,7,44000.0
2049,1,8,114761.0
2083,1,10,48000.0
2085,1,11,18000.0
2086,1,12,11600.0
2087,1,13,13000.0
2090,1,14,22500.0
2091,1,15,20000.0
2109,1,17,12000.0
2119,1,18,5000.0
2120,1,19,1000.0
2121,1,20,20000.0
2126,1,21,21500.0
2136,1,22,17000.0
2143,1,23,4000.0
2148,1,25,87500.0
2157,1,26,16300.0
2160,1,27,7200.0
2165,1,28,17800.0
2167,1,29,86000.0
2168,1,30,42000.0
2169,1,31,41000.0
2175,1,32,11100.0
2179,1,33,10000.0
2189,1,34,62000.0
2193,1,35,12000.0
2195,1,36,14500.0
2213,1,39,13700.0
2221,1,40,2400.0
2222,1,41,20000.0
2224,1,42,32000.0
2258,1,43,24000.0
2273,1,44,5000.0
2340,1,45,22200.0
2393,1,46,17000.0
2556,1,47,13730.0
2627,1,48,300.0
2636,1,49,5200.0
25927,1,50,19900.0
25928,1,51,137500.0
70959,1,52,550.0
2105,1,16,8000.0
2197,1,37,38000.0
2199,1,38,8000.0
