OP_ID,OPD_ITM_SLNO,MTL_ID,PRDT_ID,PURT_ID,OPD_ITM_TYPE,OPD_KDM_TYPE,OPD_GRS_WT,OPD_STN_WT,OPD_NET_WT,OPD_PURT_PRCNT,OPD_PURE_WT,OPD_DUST_WT,OPD_NET_PURE_WT,OPD_MTL_RATE,OPD_MTL_AMT,OPD_STN_AMT,OPD_TOTAL_AMT,OPD_NRR
1,1,101,103,102,0,0,3.0,0.0,3.0,90.0,2.7,0.0,2.7,2963.0,8000.0,0.0,8000.0,
2,1,101,103,102,0,0,4.0,0.0,4.0,80.0,3.2,0.0,3.2,2812.0,8998.0,0.0,9000.0,
3,1,101,103,102,0,0,9.0,0.0,9.0,80.0,7.2,0.0,7.2,3444.0,24797.0,0.0,24800.0,
4,1,101,103,102,0,0,12.0,0.0,12.0,90.0,10.8,0.0,10.8,3278.0,35402.0,0.0,35400.0,
5,1,101,103,102,0,0,19.05,0.0,19.05,95.0,18.098,0.0,18.098,3426.0,62004.0,0.0,62000.0,
6,1,101,103,102,0,0,3.0,0.0,3.0,80.0,2.4,0.0,2.4,3667.0,8801.0,0.0,8800.0,
7,1,101,103,102,0,0,11.0,0.0,11.0,90.0,9.9,0.0,9.9,4444.0,43996.0,0.0,44000.0,
8,1,101,103,102,0,0,27.0,0.0,27.0,80.0,21.6,0.0,21.6,5313.0,114761.0,0.0,114761.0,"exchnge

"
9,1,101,103,102,0,0,3.89,0.0,3.89,100.0,3.89,0.0,3.89,5865.0,22815.0,0.0,22815.0,"fine
"
10,1,101,103,102,0,0,10.0,0.0,10.0,95.0,9.5,0.0,9.5,5053.0,48004.0,0.0,48000.0,"exchnge

"
11,1,101,103,102,1,0,4.0,0.0,4.0,90.0,3.6,0.0,3.6,5000.0,18000.0,0.0,18000.0,
12,1,101,103,102,0,0,2.7,0.0,2.7,90.0,2.43,0.0,2.43,4774.0,11601.0,0.0,11600.0,"EXCHNGE
"
13,1,101,103,102,0,0,3.7,0.0,3.5,75.0,2.625,0.2,2.625,4952.0,12999.0,0.0,13000.0,"exchnge
"
14,1,101,103,102,0,0,5.5,0.0,5.5,80.0,4.4,0.0,4.4,5114.0,22502.0,0.0,22500.0,
15,1,101,103,102,0,0,5.0,0.0,5.0,80.0,4.0,0.0,4.0,5000.0,20000.0,0.0,20000.0,"exchgnghe
"
17,1,101,103,102,0,0,2.5,0.0,2.5,95.0,2.375,0.0,2.375,5053.0,12001.0,0.0,12000.0,
18,1,101,103,102,0,0,1.7,0.0,1.7,75.0,1.275,0.0,1.275,3922.0,5001.0,0.0,5000.0,"exchange
"
19,1,102,104,102,0,0,35.0,0.0,35.0,60.0,21.0,0.0,21.0,48.0,1008.0,0.0,1000.0,"exchange
"
20,1,101,103,102,0,0,5.5,0.0,5.5,80.0,4.4,0.0,4.4,4545.0,19998.0,0.0,20000.0,"exchange
"
21,1,101,103,102,0,0,5.5,0.0,5.5,90.0,4.95,0.0,4.95,4343.0,21498.0,0.0,21500.0,"exchnge
"
22,1,101,103,102,1,0,4.0,0.0,4.0,90.0,3.6,0.0,3.6,4722.0,16999.0,0.0,17000.0,
23,1,101,103,102,0,0,1.0,0.0,1.0,10.0,0.1,0.0,0.1,40000.0,4000.0,0.0,4000.0,"exchange
"
24,1,101,103,102,0,0,25.0,0.0,25.0,70.0,17.5,0.0,17.5,5000.0,87500.0,0.0,87500.0,"exchng
"
25,1,101,103,102,0,0,24.0,0.0,24.0,70.0,16.8,0.0,16.8,5208.0,87494.0,0.0,87500.0,"exchng
"
26,1,101,103,102,0,0,3.4,0.0,3.4,90.0,3.06,0.0,3.06,5327.0,16301.0,0.0,16300.0,"excnhe
"
27,1,101,103,102,0,0,2.0,0.0,2.0,75.0,1.5,0.0,1.5,4800.0,7200.0,0.0,7200.0,"exchng
"
28,1,101,103,102,0,0,3.32,0.0,3.32,100.0,3.32,0.0,3.32,5361.0,17799.0,0.0,17800.0,"exchng
"
29,1,101,103,102,0,0,18.0,0.0,18.0,90.0,16.2,0.0,16.2,5309.0,86006.0,0.0,86000.0,"exchange
"
30,1,101,103,102,0,0,9.0,0.0,9.0,90.0,8.1,0.0,8.1,5185.0,41998.0,0.0,42000.0,"exchnge
"
31,1,101,103,102,0,0,9.5,0.0,9.5,90.0,8.55,0.0,8.55,4795.0,40997.0,0.0,41000.0,EXCNG
32,1,101,103,102,0,0,2.9,0.0,2.9,80.0,2.32,0.0,2.32,4784.0,11099.0,0.0,11100.0,"excnhg
"
33,1,101,103,102,0,0,2.5,0.0,2.5,80.0,2.0,0.0,2.0,5000.0,10000.0,0.0,10000.0,excnge
34,1,101,103,102,0,0,13.0,0.0,13.0,90.0,11.7,0.0,11.7,5299.0,61998.0,0.0,62000.0,"
exchng
"
35,1,101,103,102,0,0,4.0,0.0,4.0,60.0,2.4,0.0,2.4,5000.0,12000.0,0.0,12000.0,"excnge
"
39,1,101,103,102,0,0,3.5,0.0,3.5,75.0,2.625,0.0,2.625,5219.0,13700.0,0.0,13700.0,"EXCNG
"
40,1,101,103,102,0,0,0.592,0.0,0.592,80.0,0.474,0.0,0.474,5063.0,2400.0,0.0,2400.0,"EXCHANGE
"
41,1,101,103,102,0,0,5.0,0.0,5.0,80.0,4.0,0.0,4.0,5000.0,20000.0,0.0,20000.0,"EXCHANGE
"
42,1,101,103,102,0,0,8.0,0.0,8.0,80.0,6.4,0.0,6.4,5000.0,32000.0,0.0,32000.0,"exchange
"
43,1,101,103,102,0,0,6.0,0.0,6.0,75.0,4.5,0.0,4.5,5333.0,23998.0,0.0,24000.0,"
exchnge
"
44,1,101,103,102,0,0,1.5,0.0,1.5,80.0,1.2,0.0,1.2,4167.0,5000.0,0.0,5000.0,"exchange
"
45,1,101,103,102,0,0,5.5,0.0,5.5,77.0,4.235,0.0,4.235,5242.0,22200.0,0.0,22200.0,exchnge
46,1,101,103,102,0,0,4.0,0.0,4.0,80.0,3.2,0.0,3.2,5312.0,16998.0,0.0,17000.0,"EXCHNG
"
47,1,101,103,102,0,0,2.7,0.0,2.7,90.0,2.43,0.0,2.43,5650.0,13730.0,0.0,13730.0,"exchange
"
48,1,102,104,102,0,0,15.0,0.0,15.0,50.0,7.5,0.0,7.5,40.0,300.0,0.0,300.0,"exchange
"
49,1,101,103,102,0,0,1.1,0.0,1.1,90.0,0.99,0.0,0.99,5253.0,5200.0,0.0,5200.0,"exchange
"
50,1,101,103,102,0,0,2.77,0.0,2.77,91.0,2.521,0.0,2.521,7894.0,19901.0,0.0,19900.0,"xchnge
"
51,1,101,103,102,0,0,19.0,0.0,19.0,90.0,17.1,0.0,17.1,8041.0,137501.0,0.0,137500.0,"xchnge
"
52,1,102,104,102,0,0,15.0,0.0,15.0,50.0,7.5,0.0,7.5,73.0,548.0,0.0,550.0,"exchange

"
53,1,101,103,102,0,0,15.0,0.0,15.0,75.0,11.25,0.0,11.25,4444.0,49995.0,0.0,50000.0,"xchnf
"
16,1,101,103,102,0,0,2.0,0.0,2.0,80.0,1.6,0.0,1.6,5000.0,8000.0,0.0,8000.0,"exchnge
"
36,1,101,103,102,0,0,4.0,0.0,4.0,70.0,2.8,0.0,2.8,5179.0,14501.0,0.0,14500.0,"exchng
"
37,1,101,103,102,0,0,9.0,0.0,9.0,80.0,7.2,0.0,7.2,5278.0,38002.0,0.0,38000.0,"
exchng
"
38,1,101,103,102,0,0,2.0,0.0,2.0,80.0,1.6,0.0,1.6,5000.0,8000.0,0.0,8000.0,"exchnge
"
