OMITA_ID,CMP_ID,FYR_ID,OMITA_VRNO,OMITA_DATE,OMITA_ORNMENT_TYPE,PTY_ID,MTL_ID,PURT_ID,GRD_ID,OMITA_NET_WT,OMITA_PURE_WT,OMITA_NRR,OMITA_STATUS
1,101,1,BUI/18-19/1,2018-06-13 00:00:00,Ornament,1,101,102,103,3.0,2.75,dkhdfffff,Modified
2,101,1,BUI/18-19/2,2018-06-13 00:00:00,Ornament,1,101,102,103,4.0,3.666,fhfgsksl,New
3,101,1,BUI/18-19/3,2018-06-13 00:00:00,Ornament,1,101,102,103,10.0,9.166,to making new design,New
4,101,1,BUI/18-19/4,2018-06-13 00:00:00,Ornament,1,101,102,103,15.0,13.749,,New
5,101,1,BUI/18-19/5,2018-06-21 00:00:00,Ornament,6,101,102,103,12.0,10.999,"ddffggtr
",New
6,101,1,BUI/18-19/6,2018-06-22 00:00:00,Ornament,1,101,102,103,4.0,3.666,sdfadsdfasdfadsfasfafa11110edit,Modified
7,101,1,BUI/18-19/7,2018-06-22 00:00:00,Ornament,6,101,102,103,5.0,4.583,sdsdsd,New
8,101,1,BUI/18-19/8,2018-07-12 00:00:00,Ornament,1,101,102,103,12.0,10.999,qwqwqw,New
9,101,1,BUI/18-19/4,2018-07-13 00:00:00,Ornament,1,101,102,103,2.0,1.833,ssasasa,New
10,101,1,BUI/18-19/6,2018-07-13 00:00:00,Ornament,1,101,102,103,0.6,0.55,sdewsd,New
11,101,1,BUI/18-19/11,2018-07-16 00:00:00,Ornament,1,101,102,103,4.0,3.666,sdsd,New
