PURT_ID,PURT_NAME,PURT_ALIAS,MTL_ID,PURT_DESC,PURT_STATUS
101,24 Carat,24CT,101,24 Carat,New
102,22 Carat,22CT,101,22 Carat,New
103,18 Carat,18CT,101,18 Carat,New
104,99.999%,99.99,102,99.999%,Modified
105,99.500%,99.50,102,99.500%,Modified
106,99.000%,99.00,102,99.000%,Modified
107,95.000%,95.00,102,95.000%,Modified
108,90% to 95%,90-95,102,90% to 95%,Modified
109,80% to 90%,80-90,102,80% To 90%,Modified
110,70% to 80%,70-80,102,70% to 80%,Modified
111,60% to 70%,60-70,102,60% to 70%,Modified
112,50% to 60%,50-60,102,50% to 60%,New
113,40% to 50%,40-50,102,40% to 50%,New
114,30% to 40%,30-40,102,30% to 40%,New
115,10% to 30%,10-30,102,10% to 30%,New
118,90%,90,102,,Modified
119,NKD,NKD,101,,New
