GRD_ID,GRD_NAME,GRD_ALIAS,PURT_ID,GRD_PRCNT,GRD_DESC,GRD_STATUS
101,24CT (99.99%),99.99,101,100.0,24CT (99.99%),Modified
102,24CT (99.50%),99.5,101,99.5,24CT (99.50%),New
103,916,91.6,102,91.66,22CT (91.66%),Modified
104,18CT (75.00%),75.00,103,75.0,18CT (75.00%),New
105,99.999%,100,104,100.0,99.999%,Modified
106,99.500%,99.50,105,99.5,99.500%,Modified
107,99.000%,99.00,106,99.0,99.000%,Modified
108,95.000%,95.00,107,95.0,95.000%,Modified
109,92.000%,92.00,108,92.0,92.000%,Modified
110,90.000%,90.00,108,90.0,90.000%,Modified
111,85.000%,85.00,109,85.0,85.000%,Modified
112,80.000%,80.00,109,80.0,80.000%,Modified
113,24CT (99.000%),99.00,101,99.0,24CT (99.000%),New
114,75.000%,75.00,110,75.0,75.000%,New
115,70.000%,70.00,110,70.0,70.000%,New
116,65.000%,65.00,111,65.0,65.000%,New
117,60.000%,60.00,111,60.0,60.000%,New
118,55.000%,55.00,112,55.0,55.000%,New
119,50.000%,50.00,112,50.0,50.000%,New
120,45.000%,45.00,113,45.0,45.000%,New
121,40.000%,40.00,113,40.0,40.000%,New
122,35.000%,35.00,114,35.0,35.000%,New
123,30.000%,30.00,114,30.0,30.000%,New
124,25.000%,25.00,115,25.0,25.000%,New
125,20.000%,20.00,115,20.0,20.000%,New
126,10.000%,10.00,115,10.0,10.000%,New
129,22CT,83.00,102,83.0,,Modified
130,70%,70,118,70.0,70%,New
131,NKD,NKD,119,60.0,,New
