CONT_ID,CONT_TYPE,CONT_NAME,CONT_ADDR1,CONT_ADDR2,CONT_PH,CONT_MOB,CONT_FAX,CONT_EMAIL,CONT_WEB,CONT_DESC,CONT_STATUS
101,Official,User1,,,,2313,,,,,New
104,Official,sdsds,asa,,0,12121212,,,,,New
105,Official,sdsds,asa,,0,12121212,,,,,New
106,Official,,,,,,,,,,New
107,Official,user,,,,123456789,,,,,New
108,Official,SOMANATH,BBSR,,0,8338048403,,,,,New
109,Official,SOMANATH,BBSR,,0,8338048403,dftdrtdrtrt8989898,,,,New
110,Official,USER,"USER

USER",USER,,8338048403,,,,,New
111,Official,,,,,,,,,,New
112,Official,hjhjh,hhh,,0,67676767,,,,,New
113,Official,rahes,ctc,,0,9988776611,,,,,New
114,Official,rahes,ctc,,0,9988776611,,,,,New
115,Official,rahes,ctc,,0,9988776611,,,,,New
116,Official,rahes,ctc,,0,9988776611,,,,,New
117,Official,rahes,ctc,,0,9988776611,,,,,New
118,Official,rahes,ctc,,0,9988776611,,,,,New
119,Official,rahes,ctc,,0,9988776611,,,,,New
120,Official,rahes,ctc,,0,9988776611,,,,,New
121,Official,rahes,ctc,,0,9988776611,,,,,New
122,Official,rahes,ctc,,0,9988776611,,,,,New
123,Official,rahes,ctc,,0,9988776611,,,,,New
124,Official,SOMANATH,BBSR,,0,8338048403,,,,,New
125,Official,hjhjh,hhh,,0,67676767,,,,,New
126,Official,VBVBV,SS,,0,89898989,,,,,New
127,Official,TYTYTYT,SS,,0,0,,,,,New
128,Official,akash chandra das,u-4,,0,434323222232,,,,,New
129,Official,arjun sahu,u-5,,0,23232323,,,,,New
130,Official,rajesh sing,jayadev,,0,3434343,,,,,New
131,Official,rajesh sing,jayadev,,0,3434343,,,,,New
132,Official,akash chandra das,u-4,,0,434323222232,,,,,New
133,Official,hjhjh,hhh,,0,67676767,,,,,New
134,Official,sss,ddd,,0,22323232,,,,,New
135,Official,trtrt,wewew,,0,342342342,,,,,New
136,Official,sss,ddd,,0,22323232,,,,,New
137,Official,trtrt,wewew,,0,342342342,,,,,New
138,Official,ddsds,sdsdsd,,0,1212121211,,,,,New
139,Official,ddsds,sdsdsd,,0,1212121211,,,,,New
140,Official,xxx,SDSDS,,0,1212121212,,,,,New
141,Official,xxx,SDSDS,,0,1212121212,,,,,New
142,Official,YYY,BBSR,,0,12121,,,,,New
143,Official,xxx,SDSDS,,0,1212121212,,,,,New
144,Official,YYY,BBSR,,0,12121,,,,,New
145,Official,UHKHKH,,,0,0,,,,,New
146,Official,J PANIGRAHI,BBSR,,0,9237073039,,,,,New
147,Official,J PANIGRAHI,BBSR,,0,9237073039,,,,,New
148,Official,abdul sattar,bbsr,,0,9776339324,,,,,New
149,Official,abdul sattar,bbsr,,0,9776339324,,,,,New
150,Official,J PANIGRAHI,BBSR,,0,9237073039,,,,,New
151,Official,SHIVANI SRIVASTAV,"JAGDALPUR,MADHYA PRADESH",,0,8319257936,,,,,New
152,Official,BANALAXMI MOHANTY,BBSR,,0,9937760917,,,,,New
153,Official,BHAGYASHREE PATRA,BBSR,,0,9090901488,,,,,New
1153,Official,SUMITRA JENA,BBSR,,0,7894083568,,,,,New
1154,Official,SUMITRA JENA,BBSR,,0,7894083568,,,,,New
1155,Official,SUMITRA JENA,BBSR,,0,7894083568,,,,,New
1156,Official,SUMITRA JENA,BBSR,,0,7894083568,,,,,New
1157,Official,SANGRAM KESARI KHUNTIA,BBSR,,0,6360871398,,,,,New
1158,Official,PRAKASH KUMAR,BBSR,,0,0,,,,,New
1159,Official,LALATENDEU SWAIN,BBSR,,0,8984701027,,,,,New
1160,Official,ANUBHUTI SAHOO,BBSR,,0,7077523510,,,,,New
1161,Official,ANUBHUTI SAHOO,BBSR,,0,7077523510,,,,,New
1162,Official,HDJ JEWEL PRIVATE LIMITED,"TECHKNIT INDUSTRIES 
PLOT NO A/46,STREET NO.2 MIDC,ANDHERI EAST MUMBAI 400093",,0,9833120188,,,,,New
