PRDT_ID,ITM_ID
114,127
102,155
103,101
103,374
103,103
103,104
103,105
103,106
103,107
103,234
103,109
103,110
103,111
103,112
103,113
103,114
103,115
114,422
103,117
103,118
104,119
104,120
104,121
104,122
104,123
104,124
104,125
104,126
104,128
104,129
104,130
104,131
103,132
104,133
104,134
103,135
104,136
104,137
104,138
104,139
104,140
104,141
104,142
104,143
104,145
104,146
104,147
104,149
104,150
104,151
103,152
114,424
113,154
104,156
104,157
104,158
104,159
104,160
104,161
104,162
104,163
104,164
104,165
103,443
115,144
115,148
115,167
104,242
104,243
104,134
104,140
104,141
104,142
104,244
104,127
104,155
103,103
103,166
112,166
119,166
104,245
104,246
104,247
104,248
104,249
104,250
101,175
105,175
103,176
103,101
103,101
103,101
107,103
103,104
107,104
103,101
107,101
103,373
103,375
103,117
107,117
104,251
104,252
104,253
103,241
108,233
109,179
108,180
108,181
108,182
108,183
108,184
108,185
108,187
108,188
108,189
108,191
108,192
108,193
108,194
108,195
108,196
108,197
108,198
108,199
108,200
108,201
108,202
108,203
108,204
108,205
108,206
108,207
108,208
108,209
108,210
108,211
108,212
108,213
108,214
108,215
104,254
103,376
103,236
108,237
108,238
103,239
104,255
104,256
104,257
104,258
104,259
104,260
109,179
109,179
108,180
108,180
109,179
109,179
108,180
109,179
105,229
101,230
103,230
104,261
103,231
114,231
103,231
114,231
103,231
114,231
120,231
103,231
114,231
120,231
103,233
114,233
112,233
111,233
116,233
104,262
113,263
103,238
103,377
103,237
114,378
116,378
103,240
113,264
104,264
113,265
113,292
113,266
104,266
113,267
104,267
113,268
104,268
113,269
104,269
103,270
107,271
107,272
105,273
107,274
107,275
104,276
104,277
104,278
104,279
113,280
113,281
113,282
104,282
113,283
104,283
104,284
104,285
104,286
104,287
104,288
104,289
103,290
104,291
113,303
113,302
113,293
104,293
104,294
104,295
104,296
104,297
113,298
104,298
113,299
104,299
103,300
113,301
104,328
103,329
104,330
103,332
123,304
113,304
113,305
113,306
113,307
113,308
104,309
113,310
113,311
113,312
113,313
113,314
104,314
104,311
104,310
104,312
104,313
104,315
113,316
104,154
104,316
113,317
113,318
113,319
113,320
113,321
103,322
104,322
104,323
103,324
104,325
104,326
103,327
103,333
103,334
103,335
103,336
103,337
103,338
103,339
103,340
103,341
103,342
103,343
103,344
104,345
104,346
103,347
104,348
104,329
103,349
107,228
106,228
114,350
104,351
104,352
104,353
104,354
104,355
104,358
104,360
104,361
104,362
104,363
104,364
104,365
104,366
104,367
103,368
103,369
103,370
103,371
104,372
111,350
114,379
116,379
114,380
116,380
114,381
116,381
114,382
116,382
114,383
116,383
114,384
116,384
116,350
114,385
116,385
114,386
116,386
114,387
116,387
114,388
116,388
114,389
116,389
114,390
116,390
114,391
116,391
114,392
116,392
114,393
116,393
114,394
116,394
114,395
116,395
114,396
116,396
103,397
103,398
107,399
109,399
103,400
103,401
103,402
106,271
103,403
103,404
103,405
104,356
104,357
104,359
103,406
103,407
103,408
103,409
103,410
103,411
103,412
103,108
107,116
103,116
103,331
107,273
106,273
106,272
106,275
106,274
105,413
107,413
106,413
107,414
106,414
107,415
106,415
104,416
104,417
103,418
107,419
103,419
107,102
103,102
105,420
108,420
103,420
105,235
108,235
103,235
104,421
104,423
114,153
104,426
107,427
106,427
103,428
104,135
104,429
104,430
108,431
103,431
108,432
103,432
114,433
114,434
105,435
107,435
106,435
104,132
104,324
104,436
104,437
104,438
104,439
114,440
104,440
104,441
114,442
103,169
104,153
103,444
103,445
103,446
113,447
