BPSOB_ID,BCM_BAR_CODE,BRND_ID,PTY_ID,PRDT_ID,DSGN_ID,PURT_ID,GRD_ID,BPSOB_GRS_WT,BPSOB_STN_WT,BPSOB_MM_UNIT,BPSOB_WT_INGRMS,BPSOB_NET_WT,BPSOB_CLR,BPSOB_CLRTY,BPSOB_PCS,BPSOB_IS_HALMARK,BPSOB_KDM_TYPE,BPSOB_PRCHS_AMT,BPSOB_MRP,BPSOB_GNDR,BPSOB_SIZE,BPSOB_PAIR,CRTFCTN_ID,BPSOB_CRTFCTN_NO,BPSOB_STYL_NO,BPSOB_PURE_WT
3,E22107000003,121,1,107,102,103,104,1.0,0.03,1,0.006,0.994,128,119,7,0,n,0.0,8499.0,Female,,1,109,36J671272109,21P08126,0.0
4,E22107000004,121,1,107,102,103,104,1.05,0.03,1,0.006,1.044,128,119,10,0,n,0.0,8499.0,Female,,1,109,42J944642111,21P11567,0.0
5,E22107000005,121,1,107,102,103,104,1.04,0.03,1,0.006,1.034,128,119,4,0,n,0.0,8499.0,Female,,1,109,42J945022111,21P11569,0.0
6,E22107000006,121,1,107,102,103,104,1.06,0.03,1,0.006,1.054,128,119,10,0,n,0.0,8499.0,Female,,1,109,33J808852109,21P07560,0.0
7,E22107000007,121,1,107,102,103,104,1.9,0.1,1,0.02,1.88,128,119,19,0,n,0.0,15500.0,Female,,1,109,38J303282110,21P09044,0.0
8,E22107000008,121,1,107,102,103,104,2.0,0.13,1,0.026,1.974,129,109,19,0,n,0.0,15500.0,Female,,1,109,12J714722001,20P00278,0.0
9,E22107000009,121,1,107,102,103,104,1.94,0.11,1,0.022,1.918,128,119,19,0,n,0.0,15500.0,Male,,1,109,42J952992112,21P11092,0.0
10,E22107000010,121,1,107,102,103,104,1.92,0.1,1,0.02,1.9,128,119,7,0,n,0.0,15500.0,Female,,1,109,42J952042112,21P11166,0.0
11,E22107000011,121,1,107,102,103,104,1.04,0.03,1,0.006,1.034,128,119,3,0,n,0.0,8499.0,Female,,1,109,42J944992111,21P11593,0.0
12,E22107000012,121,1,107,102,103,104,1.03,0.03,1,0.006,1.024,128,119,4,0,n,0.0,8499.0,Female,,1,109,42J944682111,21P11589,0.0
13,E22107000013,121,1,107,102,103,104,1.52,0.05,1,0.01,1.51,124,116,9,0,n,0.0,15500.0,Female,,1,109,29J143451909,19P07063,0.0
14,E22107000014,121,1,107,102,103,104,1.01,0.03,1,0.006,1.004,128,119,8,0,n,0.0,8499.0,Female,,1,109,42J944922111,21P11596,0.0
15,E22107000015,121,1,107,102,103,104,1.03,0.03,1,0.006,1.024,129,119,7,0,n,0.0,8499.0,Female,,1,109,25J725402012,20P04473,0.0
16,E22107000016,121,1,107,102,103,104,1.0,0.3,1,0.06,0.94,128,119,2,0,n,0.0,8499.0,Female,,1,109,33J808862109,21P07522,0.0
17,E22107000017,121,1,107,102,103,104,1.03,0.04,1,0.008,1.022,128,119,6,0,n,0.0,8499.0,Female,,1,109,33J808962109,21P07547,0.0
18,E22107000018,121,1,107,102,103,104,1.93,0.1,1,0.02,1.91,128,119,8,0,n,0.0,15500.0,Male,,1,109,38J303212110,21P09041,0.0
19,E22107000019,121,1,107,102,103,104,1.95,0.11,1,0.022,1.928,128,119,15,0,n,0.0,15500.0,Female,,1,109,38J312002110,21P09037,0.0
20,E22107000020,121,1,107,102,103,104,1.94,0.11,1,0.022,1.918,128,119,9,0,n,0.0,15500.0,Male,,1,109,42J951582112,21P11102,0.0
21,E22107000021,121,1,107,102,103,104,1.96,0.11,1,0.022,1.938,128,119,14,0,n,0.0,15500.0,Male,,1,109,42J952082112,21P11152,0.0
22,E22107000022,121,1,107,102,103,104,2.31,0.12,1,0.024,2.286,129,109,9,0,n,0.0,15500.0,Male,,1,109,29J144021909,19P09662,0.0
23,E22107000023,121,1,107,102,103,104,1.94,0.11,1,0.022,1.918,128,119,8,0,n,0.0,15500.0,Male,,1,109,42J951602112,21P11211,0.0
24,E22107000024,121,1,107,102,103,104,1.92,0.11,1,0.022,1.898,128,119,13,0,n,0.0,15500.0,Female,,1,109,42J944222111,21P11148,0.0
25,E22107000025,121,1,107,102,103,104,1.97,0.11,1,0.022,1.948,128,119,11,0,n,0.0,15500.0,Female,,1,109,42J949012111,21P13530,0.0
26,E22107000026,121,1,107,102,103,104,1.99,0.1,1,0.02,1.97,128,119,11,0,n,0.0,15500.0,Female,,1,109,42J945112111,21P11390,0.0
27,E22107000027,121,1,107,102,103,104,1.93,0.11,1,0.022,1.908,128,119,11,0,n,0.0,15500.0,Female,,1,109,42J951512112,21P11963,0.0
28,E22107000028,121,1,107,102,103,104,1.94,0.1,1,0.02,1.92,128,119,6,0,n,0.0,15500.0,Female,,1,109,38J306852110,21P09133,0.0
29,E22107000029,121,1,107,102,103,104,1.94,0.11,1,0.022,1.918,128,119,30,0,n,0.0,15500.0,Female,,1,109,38J307432110,21P09129,0.0
30,E22107000030,121,1,107,102,103,104,1.02,0.03,1,0.006,1.014,128,119,5,0,n,0.0,8499.0,Female,,1,109,33J809182109,21P07464,0.0
31,E22107000031,121,1,107,102,103,104,1.0,0.03,1,0.006,0.994,128,119,1,0,n,0.0,8499.0,Female,,1,109,33J809122109,21P07541,0.0
32,E22107000032,121,1,107,102,103,104,1.05,0.03,1,0.006,1.044,128,119,7,0,n,0.0,8499.0,Female,,1,109,33J809712109,21P07456,0.0
33,E22107000033,121,1,107,102,103,104,1.03,0.03,1,0.006,1.024,128,119,4,0,n,0.0,8499.0,Female,,1,109,33J809612109,21P07476,0.0
34,E22107000034,121,1,107,102,103,104,1.93,0.11,1,0.022,1.908,128,119,7,0,n,0.0,15500.0,Female,,1,109,42J951512112,21P11963,0.0
35,F22107000035,121,1,107,102,103,104,1.57,0.1,1,0.02,1.55,128,119,16,0,n,0.0,15999.0,Female,,1,109,42J953342112,21P11081,0.0
36,F22107000036,121,1,107,102,103,104,1.05,0.03,1,0.006,1.044,128,119,18,0,n,0.0,8999.0,Female,,1,109,29J842322108,21P06101,0.0
37,F22107000037,121,1,107,102,103,104,1.04,0.03,1,0.006,1.034,128,119,6,0,n,0.0,8999.0,Female,,1,109,29J846442108,21P07321,0.0
38,F22107000038,121,1,107,102,103,104,1.13,0.03,1,0.006,1.124,128,119,8,0,n,0.0,8999.0,Female,,1,109,33J810412109,21P07624,0.0
39,F22107000039,121,1,107,102,103,104,1.03,0.03,1,0.006,1.024,128,119,2,0,n,0.0,8999.0,Female,,1,109,33J809972109,21P07490,0.0
40,F22107000040,121,1,107,102,103,104,1.0,0.03,1,0.006,0.994,128,119,6,0,n,0.0,8999.0,Female,,1,109,33J810362109,21P07594,0.0
41,F22107000041,121,1,107,102,103,104,1.03,0.03,1,0.006,1.024,128,119,4,0,n,0.0,8999.0,Female,,1,109,33J672042109,21P08235,0.0
42,F22107000042,121,1,107,102,103,104,1.02,0.03,1,0.006,1.014,129,119,6,0,n,0.0,8999.0,Female,,1,109,17J320052102,21P00987,0.0
43,F22107000043,121,1,107,102,103,104,1.18,0.03,1,0.006,1.174,128,119,4,0,n,0.0,8999.0,Female,,1,109,29J846132108,21P07327,0.0
44,F22107000044,121,1,107,102,103,104,1.28,0.03,1,0.006,1.274,128,119,4,0,n,0.0,8999.0,Female,,1,109,33J813742109,21P08184,0.0
45,F22107000045,121,1,107,102,103,104,1.03,0.03,1,0.006,1.024,128,119,8,0,n,0.0,8999.0,Female,,1,109,33J809872109,21P07585,0.0
46,F22107000046,121,1,107,102,103,104,1.01,0.03,1,0.006,1.004,128,119,4,0,n,0.0,8999.0,Female,,1,109,33J809952109,21P07610,0.0
47,F22107000047,121,1,107,102,103,104,1.03,0.03,1,0.006,1.024,128,119,8,0,n,0.0,8999.0,Female,,1,109,36J668492109,21P08202,0.0
48,F22107000048,121,1,107,102,103,104,1.11,0.03,1,0.006,1.104,128,119,6,0,n,0.0,8999.0,Female,,1,109,33J810022109,21P07389,0.0
49,F22107000049,121,1,107,102,103,104,1.02,0.03,1,0.006,1.014,128,119,8,0,n,0.0,8999.0,Female,,1,109,33J809912109,21P07604,0.0
50,F22107000050,121,1,107,102,103,104,1.93,0.01,1,0.002,1.928,128,119,12,0,n,0.0,15999.0,Female,,1,109,42J947822111,21P11367,0.0
51,F22107000051,121,1,107,102,103,104,1.04,3.0,1,0.6,0.44,128,119,4,0,n,0.0,8999.0,Female,,1,109,33J808302109,21P07584,0.0
52,F22107000052,121,1,107,102,103,104,1.23,0.03,1,0.006,1.224,128,119,4,0,n,0.0,8999.0,Female,,1,109,33J808742109,21P07623,0.0
53,F22107000053,121,1,107,102,103,104,1.04,0.03,1,0.006,1.034,128,119,3,0,n,0.0,8999.0,Female,,1,109,36J671792109,21P08234,0.0
54,F22107000054,121,1,107,102,103,104,1.05,0.03,1,0.006,1.044,128,119,4,0,n,0.0,8999.0,Female,,1,109,33J808702109,21P07637,0.0
55,F22107000055,121,1,107,102,103,104,1.02,0.03,1,0.006,1.014,129,119,3,0,n,0.0,8999.0,Female,,1,109,17J320042102,21P00984,0.0
56,F22107000056,121,1,107,102,103,104,1.02,0.03,1,0.006,1.014,128,119,6,0,n,0.0,8999.0,Female,,1,109,36J671862109,21P08408,0.0
57,F22107000057,121,1,107,102,103,104,1.34,0.03,1,0.006,1.334,128,119,2,0,n,0.0,8999.0,Female,,1,109,33J812702109,21P08183,0.0
58,F22107000058,121,1,107,102,103,104,1.04,0.03,1,0.006,1.034,128,119,5,0,n,0.0,8999.0,Female,,1,109,29J843162108,21P06100,0.0
59,F22107000059,121,1,107,102,103,104,1.03,0.03,1,0.006,1.024,128,109,1,0,n,0.0,8999.0,Female,,1,109,33J808402109,21P07489,0.0
60,F22107000060,121,1,107,102,103,104,1.1,0.03,1,0.006,1.094,128,119,5,0,n,0.0,8999.0,Female,,1,109,36J671652109,21P08351,0.0
61,F22107000061,121,1,107,102,103,104,1.19,0.03,1,0.006,1.184,128,119,2,0,n,0.0,8999.0,Female,,1,109,29J846052108,21P07326,0.0
62,F22107000062,121,1,107,102,103,104,1.06,0.03,1,0.006,1.054,128,119,4,0,n,0.0,8999.0,Female,,1,109,29J843172108,21P06126,0.0
63,F22107000063,121,1,107,102,103,104,1.94,0.1,1,0.02,1.92,128,119,11,0,n,0.0,16999.0,Female,,1,109,42J948082111,21P11366,0.0
64,F22107000064,121,1,107,102,103,104,1.95,0.1,1,0.02,1.93,128,119,13,0,n,0.0,16999.0,Female,,1,109,42J950232111,21P11527,0.0
65,F22107000065,121,1,107,102,103,104,1.91,0.1,1,0.02,1.89,128,119,10,0,n,0.0,16999.0,Female,,1,109,38J303652110,21P07841,0.0
66,F22107000066,121,1,107,102,103,104,1.9,0.1,1,0.02,1.88,128,119,10,0,n,0.0,15999.0,Female,,1,109,38J304442110,21P07842,0.0
67,H22107000067,121,1,107,102,103,104,0.26,0.03,1,0.006,0.254,128,119,5,0,n,0.0,5500.0,Male,,1,109,RNPO4516D,21P05086,0.0
68,H22107000068,121,1,107,102,103,104,0.26,0.03,1,0.006,0.254,128,119,5,0,n,0.0,5500.0,Male,,1,109,RNPO4516D,21P05085,0.0
69,I22107000069,121,1,107,102,103,104,1.91,0.11,1,0.022,1.888,129,119,11,0,n,0.0,20999.0,Male,,1,109,27J931552012,20P06383,0.0
70,I22107000070,121,1,107,102,103,104,2.06,0.05,1,0.01,2.05,124,116,12,0,n,0.0,20999.0,Male,,1,109,11J697382202,22P00201,0.0
71,I22107000071,121,1,107,102,103,104,1.93,0.1,1,0.02,1.91,128,119,14,0,n,0.0,20999.0,Male,,1,109,17J938132203,21P14908,0.0
72,I22107000072,121,1,107,102,103,104,1.0,0.03,1,0.006,0.994,128,119,4,0,n,0.0,12999.0,Male,,1,109,36J668382109,21P08164,0.0
73,I22107000073,121,1,107,102,103,104,2.14,0.1,1,0.02,2.12,129,119,10,0,n,0.0,20999.0,Male,,1,109,48J122282112,21P14016,0.0
74,I22107000074,121,1,107,102,103,104,2.01,0.13,1,0.026,1.984,129,109,6,0,n,0.0,20999.0,Male,,1,109,14J205312003,20P02792,0.0
75,I22107000075,121,1,107,102,103,104,3.89,0.1,1,0.02,3.87,128,119,13,0,n,0.0,20999.0,Male,,1,109,42J944092111,21P11364,0.0
76,I22107000076,121,1,107,102,103,104,1.95,0.1,1,0.02,1.93,128,119,10,0,n,0.0,20999.0,Male,,1,109,17J941542203,21P14809,0.0
77,I22107000077,121,1,107,102,103,104,4.54,0.13,1,0.026,4.514,129,119,9,0,n,0.0,20999.0,Male,,1,109,15J924422010,20P04943,0.0
78,I22107000078,121,1,107,102,103,104,1.5,0.05,1,0.01,1.49,124,116,7,0,n,0.0,20999.0,Male,,1,109,30J358541910,19P06004,0.0
79,I22107000079,121,1,107,102,103,104,2.03,0.1,1,0.02,2.01,128,119,5,0,n,0.0,20999.0,Male,,1,109,11J693772201,22P00615,0.0
80,I22107000080,121,1,107,102,103,104,4.1,0.36,1,0.072,4.028,129,119,9,0,n,0.0,41999.0,Male,,1,109,17J938822203,22P01966,0.0
81,I22107000081,121,1,107,102,103,104,1.93,0.11,1,0.022,1.908,128,119,7,0,n,0.0,20999.0,Male,,1,109,42J951532112,21P11964,0.0
82,I22107000082,121,1,107,102,103,104,3.18,0.1,1,0.02,3.16,128,119,13,0,n,0.0,20999.0,Male,,1,109,42J944962111,21P11601,0.0
83,I22107000083,121,1,107,102,103,104,2.57,0.12,1,0.024,2.546,129,109,14,0,n,0.0,20999.0,Male,,1,109,29J404921910,19P06711,0.0
84,I22107000084,121,1,107,102,103,104,1.58,0.1,1,0.02,1.56,128,119,8,0,n,0.0,20999.0,Male,,1,109,SGLSTJ328926D,22P00321,0.0
85,I22107000085,121,1,107,102,103,104,2.41,0.2,1,0.04,2.37,128,119,18,0,n,0.0,25999.0,Male,,1,109,17J940672203,21P13292,0.0
86,I22107000086,121,1,107,102,103,104,2.39,0.12,1,0.024,2.366,128,119,15,0,n,0.0,25999.0,Male,,1,109,23J925432204,22P03149,0.0
87,I22107000087,121,1,107,102,103,104,2.42,0.2,1,0.04,2.38,128,119,18,0,n,0.0,25999.0,Male,,1,109,17J940752203,21P13288,0.0
88,I22107000088,121,1,107,102,103,104,2.4,0.1,1,0.02,2.38,128,119,10,0,n,0.0,25999.0,Male,,1,109,23J925412204,22P03171,0.0
89,I22107000089,121,1,107,102,103,104,2.41,0.22,1,0.044,2.366,129,119,15,0,n,0.0,25999.0,Male,,1,109,49J611732112,21P13383,0.0
90,I22107000090,121,1,107,102,103,104,2.2,0.2,1,0.04,2.16,128,119,18,0,n,0.0,25999.0,Male,,1,109,SGLSTJ327757Z,21P13357,0.0
91,I22107000091,121,1,107,102,103,104,2.39,0.22,1,0.044,2.346,128,119,17,0,n,0.0,25999.0,Male,,1,109,29J842952108,21P07108,0.0
92,I22107000092,121,1,107,102,103,104,1.97,0.11,1,0.022,1.948,128,119,17,0,n,0.0,25999.0,Male,,1,109,17J938122203,21P14899,0.0
93,I22107000093,121,1,107,102,103,104,2.4,0.22,1,0.044,2.356,129,119,14,0,n,0.0,25999.0,Male,,1,109,49J611722112,21P14678,0.0
94,I22107000094,121,1,107,102,103,104,2.42,0.2,1,0.04,2.38,128,119,22,0,n,0.0,25999.0,Male,,1,109,17J937802203,22PO1132,0.0
95,I22107000095,121,1,107,102,103,104,2.39,0.2,1,0.04,2.35,129,119,22,0,n,0.0,25999.0,Male,,1,109,17J942472203,21P13289,0.0
96,I22107000096,121,1,107,102,103,104,2.07,0.21,1,0.042,2.028,128,119,10,0,n,0.0,25999.0,Male,,1,109,SGLSTJ327765Z,22PO1950,0.0
97,I22107000097,121,1,107,102,103,104,1.96,0.1,1,0.02,1.94,128,119,13,0,n,0.0,20999.0,Male,,1,109,17J939392203,21P14903,0.0
98,I22107000098,121,1,107,102,103,104,2.03,0.11,1,0.022,2.008,128,119,6,0,n,0.0,20999.0,Male,,1,109,11J693872201,22P00614,0.0
99,I22107000099,121,1,107,102,103,104,2.23,0.21,1,0.042,2.188,129,119,8,0,n,0.0,20999.0,Male,,1,109,17J319202102,21P02178,0.0
100,I22107000100,121,1,107,101,103,104,1.02,0.03,1,0.006,1.014,128,119,10,0,n,0.0,12999.0,Male,,1,109,33J811692109,21P07495,0.0
101,I22107000101,121,1,107,101,103,104,1.04,0.03,1,0.006,1.034,128,119,6,0,n,0.0,12999.0,Male,,1,109,11J697812202,21P13240,0.0
102,I22107000102,121,1,107,101,103,104,1.03,0.03,1,0.006,1.024,128,119,5,0,n,0.0,12999.0,Male,,1,109,SGLSTJ332323D,22P02759,0.0
103,I22107000103,121,1,107,101,103,104,1.02,0.03,1,0.006,1.014,128,119,5,0,n,0.0,12999.0,Male,,1,109,SGLSTJ332921D,22P02761,0.0
104,I22107000104,121,1,107,101,103,104,1.01,0.03,1,0.006,1.004,128,119,7,0,n,0.0,12999.0,Male,,1,109,33J811682109,21P07510,0.0
105,I22107000105,121,1,107,101,103,104,1.04,0.03,1,0.006,1.034,128,119,3,0,n,0.0,12999.0,Male,,1,109,11J6978222022,21P13239,0.0
106,I22107000106,121,1,107,101,103,104,1.08,0.03,1,0.006,1.074,128,119,7,0,n,0.0,12999.0,Male,,1,109,36J671752109,21P08335,0.0
107,I22107000107,121,1,107,101,103,104,1.0,0.03,1,0.006,0.994,128,119,6,0,n,0.0,12999.0,Male,,1,109,33J671742109,21P08404,0.0
108,I22107000108,121,1,107,101,103,104,1.07,0.03,1,0.006,1.064,128,119,9,0,n,0.0,12999.0,Male,,1,109,SGLSTJ327991Q,22P277,0.0
109,I22107000109,121,1,107,101,103,104,1.17,0.03,1,0.006,1.164,128,119,5,0,n,0.0,12999.0,Male,,1,109,SGLSTJ332913D,22P02752,0.0
110,I22107000110,121,1,107,101,103,104,1.04,0.03,1,0.006,1.034,128,119,4,0,n,0.0,12999.0,Male,,1,109,SGLSTJ332917D,22P02849,0.0
111,I22107000111,121,1,107,101,103,104,1.02,0.04,1,0.008,1.012,128,119,5,0,n,0.0,12999.0,Male,,1,109,17J944382203,22P00273,0.0
112,I22107000112,121,1,107,101,103,104,1.02,0.03,1,0.006,1.014,128,119,4,0,n,0.0,12999.0,Male,,1,109,17J939142203,22P01960,0.0
113,I22107000113,121,1,107,101,103,104,1.02,0.03,1,0.006,1.014,128,119,5,0,n,0.0,12999.0,Male,,1,109,33J808342109,21P07603,0.0
114,I22107000114,121,1,107,101,103,104,1.03,0.03,1,0.006,1.024,128,119,5,0,n,0.0,12999.0,Male,,1,109,36J675912109,21P08198,0.0
115,I22107000115,121,1,107,101,103,104,1.02,0.03,1,0.006,1.014,128,119,10,0,n,0.0,12999.0,Male,,1,109,40J030562110,21P08562,0.0
116,P22107000116,120,1,107,102,103,104,2.48,0.06,1,0.012,2.468,122,109,1,0,n,0.0,29127.0,Male,,1,109,HK58J692442212,KCP70007M,0.0
117,P22107000117,120,1,107,102,103,104,0.94,0.01,1,0.002,0.938,101,109,1,0,n,0.0,11837.0,Male,,1,109,HK42J278302208,KR10280,0.0
118,P22107000118,120,1,107,102,103,104,2.5,0.06,1,0.012,2.488,101,109,1,0,n,0.0,29127.0,Male,,1,109,22/K/366534,KCP7007M,0.0
119,P22107000119,120,1,107,102,103,104,2.46,0.11,1,0.022,2.438,101,109,9,0,n,0.0,33250.0,Male,,1,109,HK58J690662212,KCP70016M,0.0
120,P22107000120,120,1,107,102,103,104,1.49,0.08,1,0.016,1.474,101,109,10,0,n,0.0,21280.0,Male,,1,109,HK58J688552212,KCP70016L,0.0
121,P22107000121,120,1,107,102,103,104,0.94,0.06,1,0.012,0.928,101,109,2,0,n,0.0,13300.0,Male,,1,109,HK58J683982212,KR10751,0.0
122,P22107000122,120,1,107,102,103,104,1.0,0.06,1,0.012,0.988,101,109,12,0,n,0.0,15561.0,Male,,1,109,HK58J683972212,S11347,0.0
123,P22107000123,120,1,107,102,103,104,1.22,0.07,1,0.014,1.206,101,109,12,0,n,0.0,18088.0,Male,,1,109,HK58J684282212,10811,0.0
124,P22107000124,120,1,107,102,103,104,1.16,0.07,1,0.014,1.146,101,109,5,0,n,0.0,18088.0,Male,,1,109,HK58J688482212,10278,0.0
125,P22107000125,120,1,107,102,103,104,1.93,0.12,1,0.024,1.906,101,109,16,0,n,0.0,28595.0,Male,,1,109,HK58J688412212,10641,0.0
126,P22107000126,120,1,107,102,103,104,0.91,0.08,1,0.016,0.894,101,109,11,0,n,0.0,16492.0,Male,,1,109,HK58J688222212,KR10191,0.0
127,P22107000127,120,1,107,102,103,104,0.67,0.01,1,0.002,0.668,101,109,2,0,n,0.0,8778.0,Male,,1,109,HK58J683962212,KR10390,0.0
128,P22107000128,120,1,107,102,103,104,0.96,0.1,1,0.02,0.94,101,109,20,0,n,0.0,17955.0,Male,,1,109,HK58J688232212,10960,0.0
129,P22107000129,120,1,107,102,103,104,0.76,0.04,1,0.008,0.752,101,109,6,0,n,0.0,11571.0,Male,,1,109,HK42J119732208,10800,0.0
130,P22107000130,120,1,107,102,103,104,1.57,0.05,1,0.01,1.56,101,109,12,0,n,0.0,23674.0,Male,,1,109,HK58J690702212,10293,0.0
131,P22107000131,120,1,107,102,103,104,1.02,0.03,1,0.006,1.014,101,109,6,0,n,0.0,13034.0,Male,,1,109,HK51J250282210,KR10562,0.0
132,P22107000132,120,1,107,102,103,104,0.97,0.03,1,0.006,0.964,101,109,6,0,n,0.0,13034.0,Male,,1,109,HK51J861122210,KR10493,0.0
133,P22107000133,120,1,107,102,103,104,1.48,0.21,1,0.042,1.438,101,109,19,0,n,0.0,24871.0,Male,,1,109,HK58J684762212,S11524,0.0
134,P22107000134,120,1,107,102,103,104,1.14,0.03,1,0.006,1.134,101,109,6,0,n,0.0,14364.0,Male,,1,109,HK58J686852212,KR10487,0.0
135,P22107000135,120,1,107,102,103,104,1.97,0.03,1,0.006,1.964,101,109,1,0,n,0.0,20615.0,Male,,1,109,HK58J695422212,KR70101L,0.0
136,P22107000136,120,1,107,102,103,104,1.79,0.07,1,0.014,1.776,101,109,1,0,n,0.0,23275.0,Male,,1,109,HK58J693892212,70130L,0.0
137,P22107000137,120,1,107,102,103,104,1.12,0.03,1,0.006,1.114,101,109,9,0,n,0.0,17423.0,Male,,1,109,HK58J692602212,10164,0.0
138,P22107000138,120,1,107,102,103,104,0.94,0.02,1,0.004,0.936,101,109,4,0,n,0.0,12369.0,Male,,1,109,HK58J694352212,KR10596,0.0
139,P22107000139,120,1,107,102,103,104,1.41,0.09,1,0.018,1.392,101,109,7,0,n,0.0,19684.0,Male,,1,109,HK58J693862212,KR10128,0.0
140,P22107000140,120,1,107,102,103,104,2.73,0.18,1,0.036,2.694,101,109,9,0,n,0.0,39767.0,Male,,1,109,HK58J694282212,KM60101,0.0
141,P22107000141,120,1,107,102,103,104,1.36,0.04,1,0.008,1.352,101,109,8,0,n,0.0,19551.0,Male,,1,109,HK58J695742212,KR10804,0.0
142,P22107000142,120,1,107,102,103,104,0.7,0.01,1,0.002,0.698,101,109,2,0,n,0.0,9177.0,Male,,1,109,HK58J693842212,KR10032,0.0
143,P22107000143,120,1,107,102,103,104,2.3,0.06,1,0.012,2.288,101,109,4,0,n,0.0,24738.0,Male,,1,109,HK58J694112212,70129L,0.0
144,P22107000144,120,1,107,102,103,104,2.94,0.07,1,0.014,2.926,101,109,1,0,n,0.0,35511.0,Male,,1,109,HK58J694202212,KCP70012M,0.0
145,P22107000145,120,1,107,102,103,104,2.26,0.05,1,0.01,2.25,101,109,8,0,n,0.0,27797.0,Male,,1,109,HK58J94362212,KM60024,0.0
146,P22107000146,120,1,107,102,103,104,0.78,0.01,1,0.002,0.778,101,109,2,0,n,0.0,8645.0,Male,,1,109,HK58J692782212,10591,0.0
147,P22107000147,120,1,107,102,103,104,2.37,0.06,1,0.012,2.358,101,109,7,0,n,0.0,32186.0,Male,,1,109,HK58J693922212,S66116C,0.0
148,P22107000148,120,1,107,102,103,104,0.74,0.02,1,0.004,0.736,101,109,4,0,n,0.0,10906.0,Male,,1,109,HK58J688442212,KR10970,0.0
149,P22107000149,120,1,107,102,103,104,0.65,0.02,1,0.004,0.646,101,109,3,0,n,0.0,10108.0,Male,,1,109,HK58J688162212,KR10391,0.0
150,P22107000150,120,1,107,102,103,104,1.68,0.08,1,0.016,1.664,101,109,7,0,n,0.0,23142.0,Male,,1,109,HK58J688422212,KR10803,0.0
151,P22107000151,120,1,107,102,103,104,1.04,0.04,1,0.008,1.032,101,109,6,0,n,0.0,15295.0,Male,,1,109,HK58J683622212,KR10561,0.0
152,P22107000152,120,1,107,102,103,104,0.99,0.05,1,0.01,0.98,101,109,9,0,n,0.0,15295.0,Male,,1,109,HK58J688132212,KR11079,0.0
153,P22107000153,120,1,107,102,103,104,2.13,0.12,1,0.024,2.106,101,109,19,0,n,0.0,30856.0,Male,,1,109,HK58J688252212,KR10057,0.0
154,P22107000154,120,1,107,102,103,104,0.96,0.02,1,0.004,0.956,101,109,3,0,n,0.0,10241.0,Male,,1,109,HK58J684142212,KR10025,0.0
155,P22107000155,120,1,107,102,103,104,1.28,0.06,1,0.012,1.268,101,109,10,0,n,0.0,17556.0,Male,,1,109,HK58J684232212,10810,0.0
156,P22107000156,120,1,107,102,103,104,0.93,0.12,1,0.024,0.906,101,109,7,0,n,0.0,17423.0,Male,,1,109,HK51J281882210,KR10295,0.0
157,P22107000157,120,1,107,102,103,104,2.01,0.07,1,0.014,1.996,101,109,14,0,n,0.0,30058.0,Male,,1,109,HK58J688352212,1,0.0
158,P22107000158,120,1,107,102,103,104,1.6,0.07,1,0.014,1.586,101,109,5,0,n,0.0,21413.0,Male,,1,109,1,1,0.0
159,P22107000159,120,1,107,102,103,104,1.19,0.1,1,0.02,1.17,101,109,2,0,n,0.0,17955.0,Male,,1,109,1,1,0.0
160,P22107000160,120,1,107,102,103,104,1.18,0.07,1,0.014,1.166,101,109,14,0,n,0.0,18487.0,Male,,1,109,1,1,0.0
161,P22107000161,120,1,107,102,103,104,2.51,0.08,1,0.016,2.494,101,109,7,0,n,0.0,32186.0,Male,,1,109,11,11,0.0
162,P22107000162,120,1,107,102,103,104,1.49,0.06,1,0.012,1.478,101,109,3,0,n,0.0,19285.0,Male,,1,109,11,11,0.0
163,P22107000163,120,1,107,102,103,104,1.13,0.07,1,0.014,1.116,101,109,7,0,n,0.0,16492.0,Male,,1,109,11,11,0.0
164,P22107000164,120,1,107,102,103,104,0.73,0.02,1,0.004,0.726,101,109,4,0,n,0.0,10374.0,Male,,1,109,11,11,0.0
165,P22107000165,120,1,107,102,103,104,0.68,0.02,1,0.004,0.676,101,109,4,0,n,0.0,9177.0,Male,,1,109,11,11,0.0
166,P22107000166,120,1,107,102,103,104,1.02,0.05,1,0.01,1.01,101,109,10,0,n,0.0,14763.0,Male,,1,109,6,6,0.0
167,P22107000167,120,1,107,102,103,104,0.81,0.06,1,0.012,0.798,101,109,10,0,n,0.0,13965.0,Male,,1,109,6,6,0.0
168,P22107000168,120,1,107,102,103,104,1.02,0.02,1,0.004,1.016,101,109,3,0,n,0.0,12635.0,Male,,1,109,6,6,0.0
169,P22107000169,120,1,107,102,103,104,1.89,0.06,1,0.012,1.878,101,109,12,0,n,0.0,24339.0,Male,,1,109,6,6,0.0
170,P22107000170,120,1,107,102,103,104,1.44,0.09,1,0.018,1.422,101,109,18,0,n,0.0,19817.0,Male,,1,109,6,6,0.0
171,P22107000171,120,1,107,102,103,104,1.52,0.11,1,0.022,1.498,101,109,19,0,n,0.0,25403.0,Male,,1,109,6,6,0.0
172,P22107000172,120,1,107,102,103,104,1.05,0.04,1,0.008,1.042,101,109,18,0,n,0.0,14896.0,Male,,1,109,6,6,0.0
173,P22107000173,120,1,107,102,103,104,1.16,0.07,1,0.014,1.146,101,109,14,0,n,0.0,16625.0,Male,,1,109,6,6,0.0
174,P22107000174,120,1,107,102,103,104,0.8,0.02,1,0.004,0.796,101,109,4,0,n,0.0,11305.0,Male,,1,109,6,6,0.0
175,P22107000175,120,1,107,102,103,104,2.32,0.16,1,0.032,2.288,101,109,17,0,n,0.0,34447.0,Male,,1,109,6,6,0.0
176,P22107000176,120,1,107,102,103,104,1.58,3.0,1,0.6,0.98,101,109,6,0,n,0.0,19285.0,Male,,1,109,6,6,0.0
177,P22107000177,120,1,107,102,103,104,1.33,0.09,1,0.018,1.312,101,109,14,0,n,0.0,20748.0,Male,,1,109,6,6,0.0
178,P22107000178,120,1,107,102,103,104,2.03,0.11,1,0.022,2.008,101,109,12,0,n,0.0,29127.0,Male,,1,109,6,6,0.0
179,P22107000179,120,1,107,102,103,104,1.02,0.02,1,0.004,1.016,101,109,2,0,n,0.0,14231.0,Male,,1,109,6,6,0.0
180,P22107000180,120,1,107,102,103,104,1.04,0.05,1,0.01,1.03,101,109,8,0,n,0.0,15295.0,Male,,1,109,6,6,0.0
181,P22107000181,120,1,107,102,103,104,0.65,0.05,1,0.01,0.64,101,109,2,0,n,0.0,11438.0,Male,,1,109,6,6,0.0
182,P22107000182,120,1,107,102,103,104,0.92,0.03,1,0.006,0.914,101,109,4,0,n,0.0,13433.0,Male,,1,109,6,6,0.0
183,P22107000183,120,1,107,102,103,104,1.05,0.03,1,0.006,1.044,101,109,2,0,n,0.0,14364.0,Male,,1,109,6,6,0.0
184,P22107000184,120,1,107,102,103,104,1.58,0.13,1,0.026,1.554,101,109,14,0,n,0.0,24206.0,Male,,1,109,6,6,0.0
185,P22107000185,120,1,107,102,103,104,1.15,0.06,1,0.012,1.138,104,109,12,0,n,0.0,18886.0,Male,,1,109,6,6,0.0
186,P22107000186,120,1,107,102,103,104,1.0,0.01,1,0.002,0.998,101,109,2,0,n,0.0,12502.0,Male,,1,109,6,6,0.0
187,P22107000187,120,1,107,102,103,104,1.12,0.04,1,0.008,1.112,101,109,8,0,n,0.0,16891.0,Male,,1,109,6,6,0.0
188,P22107000188,120,1,107,102,103,104,1.38,0.11,1,0.022,1.358,101,109,2,0,n,0.0,22078.0,Male,,1,109,6,6,0.0
189,P22107000189,120,1,107,102,103,104,1.11,0.04,1,0.008,1.102,101,109,2,0,n,0.0,15295.0,Male,,1,109,6,6,0.0
190,P22107000190,120,1,107,102,103,104,0.91,0.11,1,0.022,0.888,101,109,16,0,n,0.0,17157.0,Male,,1,109,6,6,0.0
191,P22107000191,120,1,107,102,103,104,1.05,0.02,1,0.004,1.046,101,109,2,0,n,0.0,14231.0,Male,,1,109,6,6,0.0
192,P22107000192,120,1,107,102,103,104,1.41,0.04,1,0.008,1.402,101,109,10,0,n,0.0,18221.0,Male,,1,109,6,6,0.0
193,P22107000193,120,1,107,102,103,104,1.06,0.1,1,0.02,1.04,101,109,8,0,n,0.0,17024.0,Male,,1,109,6,6,0.0
194,P22107000194,120,1,107,102,103,104,0.63,0.06,1,0.012,0.618,101,109,12,0,n,0.0,13167.0,Male,,1,109,6,6,0.0
195,P22107000195,120,1,107,102,103,104,1.07,0.04,1,0.008,1.062,101,109,8,0,n,0.0,16226.0,Male,,1,109,6,6,0.0
196,P22107000196,120,1,107,102,103,104,1.1,0.04,1,0.008,1.092,101,109,8,0,n,0.0,16625.0,Male,,1,109,6,6,0.0
197,P22107000197,120,1,107,102,103,104,0.82,0.02,1,0.004,0.816,101,109,4,0,n,0.0,12103.0,Male,,1,109,6,6,0.0
198,P22107000198,120,1,107,102,103,104,1.02,0.05,1,0.01,1.01,101,109,8,0,n,0.0,15428.0,Male,,1,109,6,6,0.0
199,P22107000199,120,1,107,102,103,104,0.47,0.05,1,0.01,0.46,101,109,1,0,n,0.0,9443.0,Male,,1,109,6,6,0.0
200,P22107000200,120,1,107,102,103,104,0.37,0.04,1,0.008,0.362,101,109,1,0,n,0.0,8911.0,Male,,1,109,6,6,0.0
201,P22107000201,120,1,107,102,103,104,0.14,0.02,1,0.004,0.136,101,109,1,0,n,0.0,5054.0,Male,,1,109,6,6,0.0
202,P22107000202,120,1,107,102,103,104,0.37,0.04,1,0.008,0.362,101,109,4,0,n,0.0,9576.0,Male,,1,109,6,6,0.0
203,P22107000203,120,1,107,102,103,104,0.42,0.02,1,0.004,0.416,101,109,1,0,n,0.0,8113.0,Male,,1,109,6,6,0.0
204,P22107000204,120,1,107,102,103,104,0.38,0.02,1,0.004,0.376,101,109,1,0,n,0.0,8113.0,Male,,1,109,6,6,0.0
205,P22107000205,120,1,107,102,103,104,0.31,0.02,1,0.004,0.306,101,109,1,0,n,0.0,7448.0,Male,,1,109,6,6,0.0
206,P22107000206,120,1,107,102,103,104,0.38,0.02,1,0.004,0.376,101,109,1,0,n,0.0,8113.0,Male,,1,109,6,6,0.0
207,P22107000207,120,1,107,102,103,104,0.47,0.05,1,0.01,0.46,101,109,1,0,n,0.0,9443.0,Male,,1,109,6,6,0.0
208,P22107000208,120,1,107,102,103,104,0.24,0.02,1,0.004,0.236,101,109,3,0,n,0.0,6650.0,Male,,1,109,6,6,0.0
209,P22107000209,120,1,107,102,103,104,0.4,0.04,1,0.008,0.392,101,109,1,0,n,0.0,8911.0,Male,,1,109,6,6,0.0
210,P22107000210,120,1,107,102,103,104,0.35,0.05,1,0.01,0.34,101,109,7,0,n,0.0,9842.0,Male,,1,109,6,6,0.0
211,P22107000211,120,1,107,102,103,104,0.39,0.02,1,0.004,0.386,101,109,8113,0,n,0.0,9842.0,Male,,1,109,6,6,0.0
212,P22107000212,120,1,107,102,103,104,0.28,0.01,1,0.002,0.278,101,109,1,0,n,0.0,5586.0,Male,,1,109,6,6,0.0
213,P22107000213,120,1,107,102,103,104,0.41,0.02,1,0.004,0.406,101,109,3,0,n,0.0,9044.0,Male,,1,109,6,6,0.0
214,P22107000214,120,1,107,102,103,104,0.15,0.02,1,0.004,0.146,101,109,1,0,n,0.0,5985.0,Male,,1,109,6,6,0.0
215,P22107000215,120,1,107,102,103,104,0.77,0.03,1,0.006,0.764,101,109,5,0,n,0.0,11039.0,Male,,1,109,6,6,0.0
216,P22107000216,120,1,107,102,103,104,0.43,0.02,1,0.004,0.426,101,109,3,0,n,0.0,9044.0,Male,,1,109,6,6,0.0
217,P22107000217,120,1,107,102,103,104,0.35,0.02,1,0.004,0.346,101,109,1,0,n,0.0,6916.0,Male,,1,109,6,6,0.0
218,P22107000218,120,1,107,102,103,104,0.6,0.06,1,0.012,0.588,101,109,5,0,n,0.0,9975.0,Male,,1,109,6,6,0.0
219,P22107000219,120,1,107,102,103,104,0.32,0.01,1,0.002,0.318,104,109,1,0,n,0.0,6384.0,Male,,1,109,6,6,0.0
220,P22107000220,120,1,107,102,103,104,0.4,0.04,1,0.008,0.392,101,109,1,0,n,0.0,9576.0,Male,,1,109,6,6,0.0
221,P22107000221,120,1,107,102,103,104,0.41,0.04,1,0.008,0.402,101,109,1,0,n,0.0,9177.0,Male,,1,109,6,6,0.0
222,P22107000222,120,1,107,102,103,104,0.42,0.04,1,0.008,0.412,101,109,1,0,n,0.0,9177.0,Male,,1,109,6,6,0.0
223,P22107000223,120,1,107,102,103,104,0.24,0.01,1,0.002,0.238,101,109,1,0,n,0.0,5586.0,Male,,1,109,6,6,0.0
224,P22107000224,120,1,107,102,103,104,0.38,0.02,1,0.004,0.376,101,109,1,0,n,0.0,8113.0,Male,,1,109,6,6,0.0
225,P22107000225,120,1,107,102,103,104,0.31,0.02,1,0.004,0.306,101,109,1,0,n,0.0,7448.0,Male,,1,109,6,6,0.0
226,P22107000226,120,1,107,102,103,104,0.21,0.01,1,0.002,0.208,101,109,1,0,n,0.0,5985.0,Male,,1,109,6,6,0.0
227,P22107000227,120,1,107,102,103,104,0.39,0.02,1,0.004,0.386,101,109,1,0,n,0.0,8113.0,Male,,1,109,6,6,0.0
228,P22107000228,120,1,107,102,103,104,0.42,0.02,1,0.004,0.416,101,109,1,0,n,0.0,8113.0,Male,,1,109,6,6,0.0
229,P22107000229,120,1,107,102,103,104,0.31,0.01,1,0.002,0.308,128,109,1,0,n,0.0,5054.0,Male,,1,109,6,6,0.0
230,P22107000230,120,1,107,102,103,104,0.37,0.04,1,0.008,0.362,128,109,1,0,n,0.0,8911.0,Female,,1,109,6,6,0.0
231,P22107000231,120,1,107,102,103,104,0.14,0.02,1,0.004,0.136,128,109,1,0,n,0.0,5054.0,Female,,1,109,6,6,0.0
232,P22107000232,120,1,107,102,103,104,0.19,0.01,1,0.002,0.188,128,109,1,0,n,0.0,4655.0,Female,,1,109,6,6,0.0
233,P22107000233,120,1,107,102,103,104,0.47,0.05,1,0.01,0.46,128,109,1,0,n,0.0,9443.0,Female,,1,109,6,6,0.0
234,P22107000234,120,1,107,102,103,104,0.37,0.04,1,0.008,0.362,128,109,1,0,n,0.0,9576.0,Female,,1,109,6,6,0.0
235,P22107000235,120,1,107,102,103,104,0.41,0.04,1,0.008,0.402,128,109,1,0,n,0.0,9044.0,Female,,1,109,6,6,0.0
236,P22107000236,120,1,107,102,103,104,0.4,0.04,1,0.008,0.392,128,109,1,0,n,0.0,9044.0,Female,,1,109,6,6,0.0
237,P22107000237,120,1,107,102,103,104,0.22,0.01,1,0.002,0.218,128,109,1,0,n,0.0,6118.0,Female,,1,109,6,6,0.0
238,P22107000238,120,1,107,102,103,104,0.34,0.01,1,0.002,0.338,128,109,1,0,n,0.0,6384.0,Female,,1,109,6,6,0.0
239,P22107000239,120,1,107,102,103,104,0.6,0.06,1,0.012,0.588,128,109,1,0,n,0.0,9975.0,Female,,1,109,6,6,0.0
240,P22107000240,120,1,107,102,103,104,0.21,0.02,1,0.004,0.206,128,109,1,0,n,0.0,5985.0,Female,,1,109,6,6,0.0
241,P22107000241,120,1,107,102,103,104,0.25,0.02,1,0.004,0.246,128,109,1,0,n,0.0,6650.0,Female,,1,109,6,6,0.0
242,P22107000242,120,1,107,102,103,104,0.32,0.02,1,0.004,0.316,128,109,1,0,n,0.0,6916.0,Female,,1,109,6,6,0.0
243,P22107000243,120,1,107,102,103,104,0.31,0.02,1,0.004,0.306,128,109,1,0,n,0.0,7448.0,Female,,1,109,6,6,0.0
244,P22107000244,120,1,107,102,103,104,0.78,0.03,1,0.006,0.774,128,109,1,0,n,0.0,11039.0,Female,,1,109,6,6,0.0
245,P22107000245,120,1,107,102,103,104,1.16,0.05,1,0.01,1.15,128,109,6,0,n,0.0,16093.0,Female,,1,109,6,6,0.0
246,P22107000246,120,1,107,102,103,104,0.56,0.03,1,0.006,0.554,128,109,4,0,n,0.0,8911.0,Female,,1,109,6,6,0.0
247,P22107000247,120,1,107,102,103,104,0.67,0.03,1,0.006,0.664,128,109,6,0,n,0.0,10507.0,Female,,1,109,6,6,0.0
248,P22107000248,120,1,107,102,103,104,0.65,0.07,1,0.014,0.636,128,109,14,0,n,0.0,13433.0,Female,,1,109,6,6,0.0
249,P22107000249,120,1,107,102,103,104,1.8,0.05,1,0.01,1.79,128,109,9,0,n,0.0,10906.0,Female,,1,109,6,6,0.0
250,P22107000250,120,1,107,102,103,104,1.08,0.02,1,0.004,1.076,128,109,6,0,n,0.0,14098.0,Female,,1,109,6,6,0.0
251,P22107000251,120,1,107,102,103,104,0.61,0.03,1,0.006,0.604,128,109,5,0,n,0.0,9842.0,Female,,1,109,6,6,0.0
252,P22107000252,120,1,107,102,103,104,0.48,0.02,1,0.004,0.476,128,109,4,0,n,0.0,8512.0,Female,,1,109,6,6,0.0
253,P22107000253,120,1,107,102,103,104,0.6,0.02,1,0.004,0.596,128,109,4,0,n,0.0,10906.0,Female,,1,109,6,6,0.0
254,P22107000254,120,1,107,102,103,104,0.38,0.01,1,0.002,0.378,128,109,1,0,n,0.0,6517.0,Female,,1,109,6,6,0.0
255,P22107000255,120,1,107,102,103,104,1.0,0.04,1,0.008,0.992,128,109,3,0,n,0.0,13832.0,Female,,1,109,6,6,0.0
256,P22107000256,120,1,107,102,103,104,0.68,0.03,1,0.006,0.674,128,109,5,0,n,0.0,10773.0,Female,,1,109,6,6,0.0
257,P22107000257,120,1,107,102,103,104,2.48,0.08,1,0.016,2.464,101,109,4,0,n,0.0,29260.0,Male,,1,109,6,6,0.0
258,P22107000258,120,1,107,102,103,104,2.66,0.18,1,0.036,2.624,101,109,9,0,n,0.0,38304.0,Male,,1,109,6,6,0.0
259,P22107000259,120,1,107,102,103,104,2.66,0.2,1,0.04,2.62,101,109,5,0,n,0.0,38703.0,Male,,1,109,6,6,0.0
260,P22107000260,120,1,107,102,103,104,2.97,0.16,1,0.032,2.938,128,109,9,0,n,0.0,40432.0,Male,,1,109,6,6,0.0
261,P22107000261,120,1,107,102,103,104,2.88,0.14,1,0.028,2.852,101,109,7,0,n,0.0,38038.0,Male,,1,109,6,6,0.0
262,P22107000262,120,1,107,102,103,104,2.81,0.16,1,0.032,2.778,101,109,9,0,n,0.0,40432.0,Male,,1,109,6,6,0.0
263,P22107000263,120,1,107,102,103,104,1.26,0.07,1,0.014,1.246,101,109,4,0,n,0.0,15561.0,Male,,1,109,6,6,0.0
264,P22107000264,120,1,107,102,103,104,0.71,0.03,1,0.006,0.704,101,109,5,0,n,0.0,10773.0,Male,,1,109,6,6,0.0
265,P22107000265,120,1,107,102,103,104,0.53,0.01,1,0.002,0.528,101,109,1,0,n,0.0,8246.0,Male,,1,109,6,6,0.0
266,P22107000266,120,1,107,102,103,104,0.82,0.16,1,0.032,0.788,101,109,8,0,n,0.0,18487.0,Male,,1,109,6,6,0.0
267,P22107000267,120,1,107,102,103,104,0.47,0.03,1,0.006,0.464,101,109,6,0,n,0.0,9044.0,Male,,1,109,6,6,0.0
268,P22107000268,120,1,107,102,103,104,1.93,0.13,1,0.026,1.904,101,109,12,0,n,0.0,26866.0,Male,,1,109,6,6,0.0
269,P22107000269,120,1,107,102,103,104,1.54,0.06,1,0.012,1.528,101,109,10,0,n,0.0,21413.0,Male,,1,109,6,6,0.0
270,P22107000270,120,1,107,102,103,104,0.99,0.07,1,0.014,0.976,101,109,10,0,n,0.0,16226.0,Male,,1,109,6,6,0.0
271,P22107000271,120,1,107,102,103,104,2.03,0.06,1,0.012,2.018,101,109,10,0,n,0.0,26334.0,Male,,1,109,6,6,0.0
272,P22107000272,120,1,107,102,103,104,1.85,0.05,1,0.01,1.84,101,109,10,0,n,0.0,23940.0,Male,,1,109,6,6,0.0
273,P22107000273,120,1,107,102,103,104,1.49,0.12,1,0.024,1.466,101,109,22,0,n,0.0,23009.0,Male,,1,109,6,6,0.0
274,P22107000274,120,1,107,102,103,104,1.16,0.06,1,0.012,1.148,101,109,8,0,n,0.0,15428.0,Male,,1,109,6,6,0.0
275,P22107000275,120,1,107,102,103,104,3.03,0.03,1,0.006,3.024,101,109,6,0,n,0.0,31920.0,Male,,1,109,6,6,0.0
276,P22107000276,120,1,107,102,103,104,3.16,0.03,1,0.006,3.154,101,109,3,0,n,0.0,31388.0,Male,,1,109,6,6,0.0
277,P22107000277,120,1,107,102,103,104,3.4,0.01,1,0.002,3.398,101,109,1,0,n,0.0,33383.0,Male,,1,109,6,6,0.0
278,P22107000278,120,1,107,102,103,104,2.79,0.05,1,0.01,2.78,101,109,8,0,n,0.0,31255.0,Male,,1,109,6,6,0.0
279,P22107000279,120,1,107,102,103,104,2.61,0.02,1,0.004,2.606,101,109,4,0,n,0.0,28861.0,Male,,1,109,6,6,0.0
280,O23107000280,120,1,107,102,103,104,2.51,0.14,1,0.028,2.482,126,118,9,0,n,0.0,46585.0,Male,,1,109,1,1,0.0
281,O23107000281,120,1,107,102,103,104,2.47,0.17,1,0.034,2.436,126,118,9,0,n,0.0,49339.0,Male,,1,109,1,1,0.0
282,O23107000282,120,1,107,102,103,104,2.34,0.15,1,0.03,2.31,126,118,12,0,n,0.0,45567.0,Male,,1,109,1,1,0.0
283,O23107000283,120,1,107,102,103,104,2.44,0.16,1,0.032,2.408,126,118,9,0,n,0.0,47862.0,Male,,1,109,1,1,0.0
284,O23107000284,120,1,107,102,103,104,1.49,0.13,1,0.026,1.464,126,118,9,0,n,0.0,32918.0,Male,,1,109,1,1,0.0
285,O23107000285,120,1,107,102,103,104,1.7,0.11,1,0.022,1.678,126,118,20,0,n,0.0,33349.0,Male,,1,109,1,1,0.0
286,O23107000286,120,1,107,102,103,104,1.65,0.17,1,0.034,1.616,126,118,8,0,n,0.0,39110.0,Male,,1,109,1,1,0.0
287,O23107000287,120,1,107,102,103,104,1.35,0.22,1,0.044,1.306,126,118,23,0,n,0.0,40951.0,Male,,1,109,1,1,0.0
288,O23107000288,120,1,107,102,103,104,1.58,0.15,1,0.03,1.55,126,118,36,0,n,0.0,36145.0,Male,,1,109,1,1,0.0
289,O23107000289,120,1,107,102,103,104,0.36,0.008,1,0.002,0.358,126,118,9,0,n,0.0,14319.0,Male,,1,109,1,1,0.0
290,O23107000290,120,1,107,102,103,104,0.33,0.09,1,0.018,0.312,126,118,7,0,n,0.0,15057.0,Male,,1,109,1,1,0.0
291,O23107000291,120,1,107,102,103,104,0.35,0.06,1,0.012,0.338,126,118,9,0,n,0.0,12116.0,Male,,1,109,1,1,0.0
292,O23107000292,120,1,107,102,103,104,1.68,0.14,1,0.028,1.652,126,118,16,0,n,0.0,36242.0,Male,,1,109,1,1,0.0
293,O23107000293,120,1,107,102,103,104,1.81,0.29,1,0.058,1.752,126,118,72,0,n,0.0,54350.0,Male,,1,109,1,1,0.0
294,O23107000294,120,1,107,102,103,104,2.0,0.22,1,0.044,1.956,126,118,40,0,n,0.0,49009.0,Male,,1,109,1,1,0.0
295,O23107000295,120,1,107,102,103,104,0.29,0.06,1,0.012,0.278,126,118,1,0,n,0.0,11455.0,Male,,1,109,1,1,0.0
296,O23107000296,120,1,107,102,103,104,1.46,0.6,1,0.12,1.34,128,106,1,0,n,0.0,85000.0,Male,,1,109,1,1,0.0
297,J24107000297,113,1,107,102,103,104,4.41,0.04,1,0.008,4.402,126,118,8,0,n,0.0,102000.0,Male,,1,101,1,1,0.0
298,K24107000298,120,1,107,102,103,104,1.26,0.07,1,0.014,1.246,128,116,1,0,n,0.0,26279.0,Male,,1,109,1,,0.0
299,K25107000299,120,1,107,102,103,104,1.89,0.06,1,0.012,1.878,128,109,1,0,n,0.0,28950.0,Male,,1,109,1,1,0.0
300,K25107000300,120,1,107,102,103,104,1.26,0.07,1,0.014,1.246,128,109,1,0,n,0.0,33100.0,Male,,1,109,1,1,0.0
301,K25107000301,120,1,107,102,103,104,0.93,0.12,1,0.024,0.906,128,109,1,0,n,0.0,23100.0,Male,,1,109,1,1,0.0
302,K25107000302,120,1,107,102,103,104,1.03,0.03,1,0.006,1.024,128,109,1,0,n,0.0,16500.0,Male,,1,109,1,1,0.0
1299,E26107000303,120,1,107,102,103,104,0.74,0.02,1,0.004,0.736,101,109,4,0,n,0.0,15813.0,Male,,1,109,1,,0.0
1300,E26107000304,120,1,107,102,103,104,1.36,0.04,1,0.008,1.352,101,109,8,0,n,0.0,28348.0,Male,,1,109,1,,0.0
1301,E26107000305,120,1,107,102,103,104,1.04,0.04,1,0.008,1.032,101,101,6,0,n,0.0,22177.0,Male,,1,109,1,,0.0
1302,E26107000306,120,1,107,102,103,104,1.65,0.17,1,0.034,1.616,101,101,8,0,n,0.0,56709.0,Male,,1,109,1,,0.0
1303,E26107000307,120,1,107,102,103,104,1.97,0.03,1,0.006,1.964,101,101,1,0,n,0.0,29891.0,Male,,1,109,,,0.0
1304,E26107000308,120,1,107,102,103,104,0.94,0.02,1,0.004,0.936,101,101,4,0,n,0.0,17935.0,Male,,1,109,,,0.0
1305,E26107000309,120,1,107,102,103,104,2.94,0.07,1,0.014,2.926,101,101,1,0,n,0.0,51490.0,Male,,1,109,,,0.0
1306,E26107000310,120,1,107,102,103,104,2.97,0.16,1,0.032,2.938,101,101,9,0,n,0.0,58626.0,Male,,1,109,,,0.0
1307,E26107000311,120,1,107,102,103,104,2.73,0.18,1,0.036,2.694,101,101,9,0,n,0.0,57662.0,Male,,1,109,,,0.0
1308,E26107000312,120,1,107,102,103,104,2.44,0.16,1,0.032,2.408,101,101,9,0,n,0.0,69399.0,Male,,1,109,,,0.0
1309,E26107000313,120,1,107,102,103,104,2.66,0.2,1,0.04,2.62,101,101,5,0,n,0.0,56119.0,Male,,1,109,,,0.0
1310,E26107000314,120,1,107,102,103,104,2.46,0.11,1,0.022,2.438,101,101,9,0,n,0.0,48212.0,Male,,1,109,,,0.0
1311,E26107000315,120,1,107,102,103,104,1.33,0.09,1,0.018,1.312,101,109,14,0,n,0.0,30084.0,Male,,1,109,1,,0.0
1312,E26107000316,120,1,107,102,103,104,2.0,0.22,1,0.044,1.956,101,109,40,0,n,0.0,71063.0,Male,,1,109,1,,0.0
1313,E26107000317,120,1,107,102,103,104,1.02,0.02,1,0.004,1.016,101,109,2,0,n,0.0,20634.0,Male,,1,109,1,,0.0
1314,E26107000318,120,1,107,102,103,104,0.99,0.07,1,0.014,0.976,101,109,10,0,n,0.0,23527.0,Male,,1,109,1,,0.0
1315,E26107000319,120,1,107,102,103,104,0.65,0.05,1,0.01,0.64,101,109,2,0,n,0.0,16585.0,Male,,1,109,1,,0.0
1316,E26107000320,120,1,107,102,103,104,1.05,0.03,1,0.006,1.044,101,109,2,0,n,0.0,20827.0,Male,,1,109,1,,0.0
1317,E26107000321,120,1,107,102,103,104,1.1,0.04,1,0.008,1.092,101,109,8,0,n,0.0,24106.0,Male,,1,109,1,,0.0
1318,E26107000322,120,1,107,102,103,104,1.07,0.04,1,0.008,1.062,101,109,8,0,n,0.0,23527.0,Male,,1,109,1,,0.0
1319,E26107000323,120,1,107,102,103,104,1.16,0.06,1,0.012,1.148,101,109,8,0,n,0.0,22370.0,Male,,1,109,1,,0.0
1320,E26107000324,120,1,107,102,103,104,1.03,0.03,1,0.006,1.024,101,109,1,0,n,0.0,23925.0,Male,,1,109,1,,0.0
1321,E26107000325,120,1,107,102,103,104,1.16,0.07,1,0.014,1.146,101,109,14,0,n,0.0,24106.0,Male,,1,109,1,,0.0
1322,E26107000326,120,1,107,102,103,104,1.14,0.03,1,0.006,1.134,101,109,6,0,n,0.0,20827.0,Male,,1,109,1,,0.0
1323,E26107000327,120,1,107,102,103,104,1.26,0.07,1,0.014,1.246,101,109,1,0,n,0.0,47995.0,Male,,1,109,1,,0.0
1324,E26107000328,120,1,107,102,103,104,1.05,0.04,1,0.008,1.042,101,109,18,0,n,0.0,21599.0,Male,,1,109,1,,0.0
1325,E26107000329,120,1,107,102,103,104,0.96,0.1,1,0.02,0.94,101,109,20,0,n,0.0,26034.0,Male,,1,109,1,,0.0
1326,E26107000330,120,1,107,102,103,104,1.49,0.13,1,0.026,1.464,101,109,9,0,n,0.0,47731.0,Male,,1,109,1,,0.0
1327,E26107000331,120,1,107,102,103,104,1.58,0.15,1,0.03,1.55,101,109,36,0,n,0.0,52410.0,Male,,1,109,1,,0.0
1328,E26107000332,120,1,107,102,103,104,1.08,0.02,1,0.004,1.076,101,109,6,0,n,0.0,20442.0,Male,,1,109,1,,0.0
1329,E26107000333,120,1,107,102,103,104,1.0,0.04,1,0.008,0.992,101,109,3,0,n,0.0,20056.0,Male,,1,109,1,,0.0
1330,E26107000334,120,1,107,102,103,104,0.53,0.01,1,0.002,0.528,101,109,1,0,n,0.0,11956.0,Male,,1,109,1,,0.0
1331,E26107000335,120,1,107,102,103,104,1.26,0.07,1,0.014,1.246,101,109,1,0,n,0.0,38104.0,Male,,1,109,1,,0.0
1332,E26107000336,120,1,107,102,103,104,0.47,0.03,1,0.006,0.464,101,109,6,0,n,0.0,13113.0,Male,,1,109,1,,0.0
1333,E26107000337,120,1,107,102,103,104,0.65,0.07,1,0.014,0.636,101,109,14,0,n,0.0,19477.0,Male,,1,109,1,,0.0
1334,E26107000338,120,1,107,102,103,104,0.56,0.03,1,0.006,0.554,101,109,4,0,n,0.0,12920.0,Male,,1,109,1,,0.0
1335,E26107000339,120,1,107,102,103,104,0.38,0.01,1,0.002,0.378,101,109,1,0,n,0.0,9449.0,Male,,1,109,1,,0.0
1336,E26107000340,120,1,107,102,103,104,0.66,0.02,1,0.004,0.656,101,109,4,0,n,0.0,15813.0,Male,,1,109,1,,0.0
1337,E26107000341,120,1,107,102,103,104,1.93,0.13,1,0.026,1.904,101,109,12,0,n,0.0,38955.0,Male,,1,109,1,,0.0
1338,E26107000342,120,1,107,102,103,104,0.29,0.6,1,0.12,0.17,101,109,1,0,n,0.0,16609.0,Male,,1,109,1,,0.0
1339,E26107000343,120,1,107,102,103,104,0.31,0.01,1,0.002,0.308,101,109,1,0,n,0.0,7328.0,Male,,1,109,1,,0.0
1340,E26107000344,120,1,107,102,103,104,0.35,0.06,1,0.012,0.338,101,109,9,0,n,0.0,17568.0,Male,,1,109,1,,0.0
1341,E26107000345,120,1,107,102,103,104,0.32,0.01,1,0.002,0.318,101,109,1,0,n,0.0,9256.0,Male,,1,109,1,,0.0
1342,E26107000346,120,1,107,102,103,104,0.4,0.04,1,0.008,0.392,101,109,1,0,n,0.0,12920.0,Male,,1,109,1,,0.0
1343,E26107000347,120,1,107,102,103,104,0.24,0.01,1,0.002,0.238,101,109,1,0,n,0.0,8099.0,Male,,1,109,1,,0.0
1344,E26107000348,120,1,107,102,103,104,0.24,0.02,1,0.004,0.236,101,109,3,0,n,0.0,9642.0,Male,,1,109,1,,0.0
1345,E26107000349,120,1,107,102,103,104,0.25,0.02,1,0.004,0.246,101,109,1,0,n,0.0,9642.0,Male,,1,109,1,,0.0
1346,E26107000350,120,1,107,102,103,104,0.41,0.04,1,0.008,0.402,101,109,1,0,n,0.0,13306.0,Male,,1,109,1,,0.0
1347,E26107000351,120,1,107,102,103,104,0.36,0.008,1,0.002,0.358,101,109,9,0,n,0.0,20762.0,Male,,1,109,1,,0.0
1348,E26107000352,120,1,107,102,103,104,0.43,0.02,1,0.004,0.426,101,109,3,0,n,0.0,13113.0,Male,,1,109,1,,0.0
1349,E26107000353,120,1,107,102,103,104,0.42,0.02,1,0.004,0.416,101,109,1,0,n,0.0,11763.0,Male,,1,109,1,,0.0
1350,E26107000354,120,1,107,102,103,104,0.39,0.02,1,0.004,0.386,101,109,1,0,n,0.0,11763.0,Male,,1,109,1,,0.0
1351,E26107000355,120,1,107,102,103,104,0.38,0.02,1,0.004,0.376,101,109,1,0,n,0.0,11763.0,Male,,1,109,1,,0.0
1352,E26107000356,120,1,107,102,103,104,0.41,0.02,1,0.004,0.406,101,109,3,0,n,0.0,13113.0,Male,,1,109,1,,0.0
1353,E26107000357,120,1,107,102,103,104,0.4,0.04,1,0.008,0.392,101,109,1,0,n,0.0,13113.0,Male,,1,109,1,,0.0
1354,E26107000358,120,1,107,102,103,104,0.47,0.05,1,0.01,0.46,101,109,1,0,n,0.0,13692.0,Male,,1,109,1,,0.0
1355,E26107000359,120,1,107,102,103,104,0.34,0.01,1,0.002,0.338,101,109,1,0,n,0.0,9256.0,Male,,1,109,1,,0.0
1356,E26107000360,120,1,107,102,103,104,0.32,0.02,1,0.004,0.316,101,109,1,0,n,0.0,10028.0,Male,,1,109,1,,0.0
1357,E26107000361,120,1,107,102,103,104,0.21,0.01,1,0.002,0.208,101,109,1,0,n,0.0,8678.0,Male,,1,109,1,,0.0
1358,E26107000362,120,1,107,102,103,104,0.35,0.05,1,0.01,0.34,101,109,7,0,n,0.0,14270.0,Male,,1,109,1,,0.0
1359,E26107000363,120,1,107,102,103,104,0.6,0.06,1,0.012,0.588,101,109,5,0,n,0.0,14463.0,Male,,1,109,1,,0.0
1360,E26107000364,120,1,107,102,103,104,0.78,0.03,1,0.006,0.774,101,109,1,0,n,0.0,16006.0,Male,,1,109,1,,0.0
1361,E26107000365,120,1,107,102,103,104,0.6,0.06,1,0.012,0.588,101,109,1,0,n,0.0,14463.0,Male,,1,109,1,,0.0
1362,E26107000366,120,1,107,102,103,104,0.15,0.02,1,0.004,0.146,101,109,1,0,n,0.0,8678.0,Male,,1,109,1,,0.0
1363,E26107000367,120,1,107,102,103,104,0.42,0.04,1,0.008,0.412,101,109,1,0,n,0.0,13306.0,Male,,1,109,1,,0.0
1364,E26107000368,120,1,107,102,103,104,1.49,0.12,1,0.024,1.466,101,109,22,0,n,0.0,33363.0,Male,,1,109,1,,0.0
1365,E26107000369,120,1,107,102,103,104,1.02,0.05,1,0.01,1.01,101,109,8,0,n,0.0,22370.0,Male,,1,109,1,,0.0
1366,E26107000370,120,1,107,102,103,104,2.37,0.06,1,0.012,2.358,101,109,7,0,n,0.0,46669.0,Male,,1,109,1,,0.0
1367,E26107000371,120,1,107,102,103,104,2.88,0.14,1,0.028,2.852,101,109,7,0,n,0.0,55155.0,Male,,1,109,1,,0.0
1368,E26107000372,120,1,107,102,103,104,2.66,0.18,1,0.036,2.624,101,109,9,0,n,0.0,55540.0,Male,,1,109,1,,0.0
1369,E26107000373,120,1,107,102,103,104,2.5,0.06,1,0.012,2.488,101,109,1,0,n,0.0,42234.0,Male,,1,109,1,,0.0
1370,E26107000374,120,1,107,102,103,104,2.47,0.17,1,0.034,2.436,101,109,9,0,n,0.0,71541.0,Male,,1,109,1,,0.0
1371,E26107000375,120,1,107,102,103,104,2.51,0.14,1,0.028,2.482,101,109,9,0,n,0.0,67548.0,Male,,1,109,1,,0.0
1372,E26107000376,120,1,107,102,103,104,2.26,0.05,1,0.01,2.25,101,109,8,0,n,0.0,40305.0,Male,,1,109,1,,0.0
1373,E26107000377,120,1,107,102,103,104,2.81,0.16,1,0.032,2.778,101,109,9,0,n,0.0,58626.0,Male,,1,109,1,,0.0
1374,E26107000378,120,1,107,102,103,104,0.94,0.06,1,0.012,0.928,101,109,2,0,n,0.0,19285.0,Male,,1,109,1,,0.0
1375,E26107000379,120,1,107,102,103,104,1.19,0.1,1,0.02,1.17,101,109,2,0,n,0.0,26034.0,Male,,1,109,1,,0.0
1376,E26107000380,120,1,107,102,103,104,0.93,0.12,1,0.024,0.906,101,109,1,0,n,0.0,33495.0,Male,,1,109,1,,0.0
1377,E26107000381,120,1,107,102,103,104,1.22,0.07,1,0.014,1.206,101,109,12,0,n,0.0,26227.0,Male,,1,109,1,,0.0
1378,E26107000382,120,1,107,102,103,104,1.6,0.07,1,0.014,1.586,101,109,5,0,n,0.0,31048.0,Male,,1,109,1,,0.0
1379,E26107000383,120,1,107,102,103,104,0.76,0.04,1,0.008,0.752,101,109,6,0,n,0.0,16777.0,Male,,1,109,1,,0.0
1380,E26107000384,120,1,107,102,103,104,1.35,0.22,1,0.044,1.306,101,109,23,0,n,0.0,59378.0,Male,,1,109,1,,0.0
1381,L26107000385,113,1,107,102,103,104,4.56,0.074,1,0.015,4.545,101,101,1,0,n,0.0,0.0,Male,,1,101,1,1,0.0
1382,L26107000386,113,1,107,102,103,104,2.87,0.075,1,0.015,2.855,101,101,1,0,n,0.0,0.0,Male,,1,101,1,,0.0
1383,L26107000387,113,1,107,102,103,104,2.97,0.064,1,0.013,2.957,101,101,1,0,n,0.0,0.0,Male,,1,101,1,,0.0
1384,L26107000388,113,1,107,102,103,104,2.78,0.07,1,0.014,2.766,101,101,1,0,n,0.0,0.0,Male,,1,101,1,,0.0
1385,L26107000389,113,1,107,102,103,104,2.18,0.086,1,0.017,2.163,101,101,1,0,n,0.0,0.0,Male,,1,101,1,,0.0
1386,L26107000390,113,1,107,102,103,104,2.7,0.11,1,0.022,2.678,101,101,1,0,n,0.0,0.0,Male,,1,101,1,,0.0
1387,L26107000391,113,1,107,102,103,104,1.69,0.037,1,0.007,1.683,101,101,1,0,n,0.0,0.0,Male,,1,101,1,,0.0
1388,L26107000392,113,1,107,102,103,104,2.49,0.088,1,0.018,2.472,101,101,1,0,n,0.0,0.0,Male,,1,101,1,,0.0
1389,L26107000393,113,1,107,102,103,104,2.48,0.057,1,0.011,2.469,101,101,1,0,n,0.0,0.0,Male,,1,101,1,,0.0
1390,L26107000394,113,1,107,102,103,104,1.69,0.052,1,0.01,1.68,101,101,1,0,n,0.0,0.0,Male,,1,101,1,,0.0
1391,L26107000395,113,1,107,102,103,104,2.16,0.051,1,0.01,2.15,101,101,1,0,n,0.0,0.0,Male,,1,101,1,,0.0
1392,L26107000396,113,1,107,102,103,104,1.17,0.014,1,0.003,1.167,101,101,1,0,n,0.0,0.0,Male,,1,101,1,,0.0
1393,L26107000397,113,1,107,102,103,104,2.03,0.047,1,0.009,2.021,101,101,1,0,n,0.0,0.0,Male,,1,101,1,,0.0
1394,L26107000398,113,1,107,102,103,104,3.08,0.066,1,0.013,3.067,101,101,1,0,n,0.0,0.0,Male,,1,101,1,,0.0
1395,L26107000399,113,1,107,102,103,104,1.41,0.036,1,0.007,1.403,101,101,1,0,n,0.0,0.0,Male,,1,101,1,,0.0
1396,L26107000400,113,1,107,102,103,104,0.98,0.021,1,0.004,0.976,101,101,1,0,n,0.0,0.0,Male,,1,101,1,,0.0
1397,L26107000401,113,1,107,102,103,104,1.8,0.058,1,0.012,1.788,101,101,1,0,n,0.0,0.0,Male,,1,101,1,,0.0
1398,L26107000402,113,1,107,102,103,104,2.67,0.09,1,0.018,2.652,101,101,1,0,n,0.0,0.0,Male,,1,101,1,,0.0
1399,L26107000403,113,1,107,102,103,104,4.56,0.074,1,0.015,4.545,101,101,1,0,n,0.0,131551.0,Male,,1,101,1,,0.0
1400,L26107000404,113,1,107,102,103,104,2.87,0.075,1,0.015,2.855,101,101,1,0,n,0.0,100053.0,Male,,1,101,1,,0.0
1401,L26107000405,113,1,107,102,103,104,2.97,0.064,1,0.013,2.957,101,101,1,0,n,0.0,109664.0,Male,,1,101,1,,0.0
1402,L26107000406,113,1,107,102,103,104,2.78,0.07,1,0.014,2.766,101,101,1,0,n,0.0,95442.0,Male,,1,101,1,,0.0
1403,L26107000407,113,1,107,102,103,104,2.18,0.086,1,0.017,2.163,101,101,1,0,n,0.0,92925.0,Male,,1,101,1,,0.0
1404,L26107000408,113,1,107,102,103,104,2.7,0.11,1,0.022,2.678,101,101,1,0,n,0.0,116749.0,Male,,1,101,1,,0.0
1405,L26107000409,113,1,107,102,103,104,1.69,0.037,1,0.007,1.683,101,101,1,0,n,0.0,55849.0,Male,,1,101,1,,0.0
1406,L26107000410,113,1,107,102,103,104,2.49,0.088,1,0.018,2.472,101,101,1,0,n,0.0,100027.0,Male,,1,101,1,,0.0
1407,L26107000411,113,1,107,102,103,104,2.48,0.057,1,0.011,2.469,101,101,1,0,n,0.0,82544.0,Male,,1,101,1,,0.0
1408,L26107000412,113,1,107,102,103,104,0.98,0.021,1,0.004,0.976,101,101,1,0,n,0.0,34614.0,Male,,1,101,1,,0.0
1409,L26107000413,113,1,107,102,103,104,1.41,0.036,1,0.007,1.403,101,101,1,0,n,0.0,49306.0,Male,,1,101,1,,0.0
1410,L26107000414,113,1,107,102,103,104,3.08,0.066,1,0.013,3.067,101,101,1,0,n,0.0,98413.0,Male,,1,101,1,,0.0
1411,L26107000415,113,1,107,102,103,104,2.67,0.09,1,0.018,2.652,101,101,1,0,n,0.0,104634.0,Male,,1,101,1,,0.0
1412,L26107000416,113,1,107,102,103,104,1.69,0.052,1,0.01,1.68,101,101,1,0,n,0.0,63910.0,Male,,1,101,1,,0.0
1413,L26107000417,113,1,107,102,103,104,2.16,0.051,1,0.01,2.15,101,101,1,0,n,0.0,72348.0,Male,,1,101,1,,0.0
1414,L26107000418,113,1,107,102,103,104,1.17,0.014,1,0.003,1.167,101,101,1,0,n,0.0,32010.0,Male,,1,101,1,,0.0
1415,L26107000419,113,1,107,102,103,104,2.03,0.047,1,0.009,2.021,101,101,1,0,n,0.0,66951.0,Male,,1,101,1,,0.0
1416,L26107000420,113,1,107,102,103,104,1.8,0.058,1,0.012,1.788,101,101,1,0,n,0.0,69481.0,Male,,1,101,1,,0.0
1417,L26107000421,113,1,107,102,103,104,2.04,0.038,1,0.008,2.032,101,101,1,0,n,0.0,63173.0,Male,,1,101,1,,0.0
1418,L26107000422,113,1,107,102,103,104,1.59,0.044,1,0.009,1.581,101,101,1,0,n,0.0,58100.0,Male,,1,101,1,,0.0
1419,L26107000423,113,1,107,102,103,104,2.02,0.07,1,0.014,2.006,101,101,1,0,n,0.0,81780.0,Male,,1,101,1,,0.0
1420,L26107000424,113,1,107,102,103,104,2.1,0.043,1,0.009,2.091,101,101,1,0,n,0.0,67529.0,Male,,1,101,1,,0.0
1421,L26107000425,113,1,107,102,103,104,1.73,0.038,1,0.008,1.722,101,101,1,0,n,0.0,57225.0,Male,,1,101,1,,0.0
1422,L26107000426,113,1,107,102,103,104,2.2,0.03,1,0.006,2.194,101,101,1,0,n,0.0,61494.0,Male,,1,101,1,,0.0
1423,L26107000427,113,1,107,102,103,104,0.5,0.004,1,0.001,0.499,101,101,1,0,n,0.0,15825.0,Male,,1,101,1,,0.0
1424,L26107000428,113,1,107,102,103,104,0.34,0.018,1,0.004,0.336,101,101,1,0,n,0.0,20427.0,Male,,1,101,1,,0.0
1425,L26107000429,113,1,107,102,119,131,2.85,0.33,1,0.066,2.784,101,119,1,0,n,0.0,58198.0,Male,,1,101,1,1,0.0
1426,L26107000430,113,1,107,102,119,131,2.98,0.29,1,0.058,2.922,101,119,1,0,n,0.0,58198.0,Male,,1,101,1,,0.0
1427,L26107000431,113,1,107,102,119,131,3.13,0.62,1,0.124,3.006,101,119,1,0,n,0.0,65758.0,Male,,1,101,1,,0.0
1428,L26107000432,113,1,107,102,119,131,2.52,0.31,1,0.062,2.458,101,119,1,0,n,0.0,44638.0,Male,,1,101,1,,0.0
1429,L26107000433,113,1,107,102,119,131,2.81,0.32,1,0.064,2.746,101,119,1,0,n,0.0,57118.0,Male,,1,101,1,,0.0
1430,L26107000434,113,1,107,102,119,131,1.06,0.12,1,0.024,1.036,101,119,1,0,n,0.0,21958.0,Male,,1,101,1,,0.0
1431,L26107000435,113,1,107,102,119,131,0.83,0.1,1,0.02,0.81,101,119,1,0,n,0.0,18718.0,Male,,1,101,1,,0.0
1432,L26107000436,113,1,107,102,119,131,0.8,0.11,1,0.022,0.778,101,119,1,0,n,0.0,18478.0,Male,,1,101,1,,0.0
1433,L26107000437,113,1,107,102,119,131,0.78,0.11,1,0.022,0.758,101,119,1,0,n,0.0,18598.0,Male,,1,101,1,,0.0
1434,L26107000438,113,1,107,102,119,131,1.0,0.15,1,0.03,0.97,101,119,1,0,n,0.0,23158.0,Male,,1,101,1,,0.0
1435,L26107000439,113,1,107,102,119,131,1.29,0.23,1,0.046,1.244,101,119,1,0,n,0.0,26158.0,Male,,1,101,1,,0.0
1436,L26107000440,113,1,107,102,119,131,0.94,0.09,1,0.018,0.922,101,119,1,0,n,0.0,19558.0,Male,,1,101,1,,0.0
1437,L26107000441,113,1,107,102,119,131,0.97,0.14,1,0.028,0.942,101,119,1,0,n,0.0,22318.0,Male,,1,101,1,,0.0
1438,L26107000442,113,1,107,102,119,131,0.79,0.13,1,0.026,0.764,101,119,1,0,n,0.0,19678.0,Male,,1,101,1,,0.0
1439,L26107000443,113,1,107,102,119,131,1.51,0.2,1,0.04,1.47,101,119,1,0,n,0.0,27598.0,Male,,1,101,1,,0.0
1440,L26107000444,113,1,107,102,119,131,0.96,0.09,1,0.018,0.942,101,119,1,0,n,0.0,19798.0,Male,,1,101,1,,0.0
1441,L26107000445,113,1,107,102,119,131,1.16,0.15,1,0.03,1.13,101,119,1,0,n,0.0,21238.0,Male,,1,101,1,,0.0
1442,L26107000446,113,1,107,102,119,131,0.84,0.07,1,0.014,0.826,101,119,1,0,n,0.0,13438.0,Male,,1,101,1,,0.0
1443,L26107000447,113,1,107,102,119,131,0.95,0.09,1,0.018,0.932,101,119,1,0,n,0.0,19678.0,Male,,1,101,1,,0.0
1444,L26107000448,113,1,107,102,119,131,0.85,0.07,1,0.014,0.836,101,119,1,0,n,0.0,20398.0,Male,,1,101,1,,0.0
1445,L26107000449,113,1,107,102,119,131,0.83,0.14,1,0.028,0.802,101,119,1,0,n,0.0,20638.0,Male,,1,101,1,,0.0
1446,L26107000450,113,1,107,102,119,131,0.92,0.15,1,0.03,0.89,101,119,1,0,n,0.0,22198.0,Male,,1,101,1,,0.0
1447,L26107000451,113,1,107,102,119,131,0.63,0.08,1,0.016,0.614,101,119,1,0,n,0.0,16078.0,Male,,1,101,1,,0.0
1448,L26107000452,113,1,107,102,119,131,0.91,0.05,1,0.01,0.9,101,119,1,0,n,0.0,17038.0,Male,,1,101,1,,0.0
1449,L26107000453,113,1,107,102,119,131,0.95,0.09,1,0.018,0.932,101,119,1,0,n,0.0,19678.0,Male,,1,101,1,,0.0
1450,L26107000454,113,1,107,102,119,131,0.88,0.11,1,0.022,0.858,101,119,1,0,n,0.0,19438.0,Male,,1,101,1,,0.0
1451,L26107000455,113,1,107,102,119,131,1.16,0.15,1,0.03,1.13,101,119,1,0,n,0.0,24838.0,Male,,1,101,1,,0.0
1452,L26107000456,113,1,107,102,119,131,0.81,0.07,1,0.014,0.796,101,119,1,0,n,0.0,17038.0,Male,,1,101,1,,0.0
1453,L26107000457,113,1,107,102,119,131,0.63,0.05,1,0.01,0.62,101,119,1,0,n,0.0,13918.0,Male,,1,101,1,,0.0
1454,L26107000458,113,1,107,102,119,131,0.85,0.08,1,0.016,0.834,101,119,1,0,n,0.0,17998.0,Male,,1,101,1,,0.0
1455,L26107000459,113,1,107,102,119,131,0.91,0.13,1,0.026,0.884,101,119,1,0,n,0.0,21118.0,Male,,1,101,1,,0.0
1456,L26107000460,113,1,107,102,119,131,2.0,0.16,1,0.032,1.968,101,119,1,0,n,0.0,36238.0,Male,,1,101,1,,0.0
1457,L26107000461,113,1,107,102,119,131,2.26,0.23,1,0.046,2.214,101,119,1,0,n,0.0,43438.0,Male,,1,101,1,,0.0
1458,L26107000462,113,1,107,102,119,131,3.99,0.14,1,0.028,3.962,101,119,1,0,n,0.0,54598.0,Male,,1,101,1,,0.0
1459,L26107000463,113,1,107,102,119,131,2.01,0.15,1,0.03,1.98,101,119,1,0,n,0.0,35998.0,Male,,1,101,1,,0.0
1460,L26107000464,113,1,107,102,119,131,1.86,0.1,1,0.02,1.84,101,119,1,0,n,0.0,32758.0,Male,,1,101,1,,0.0
1461,L26107000465,113,1,107,102,119,131,2.42,0.24,1,0.048,2.372,101,119,1,0,n,0.0,46198.0,Male,,1,101,1,,0.0
1462,L26107000466,113,1,107,102,119,131,2.16,0.22,1,0.044,2.116,101,119,1,0,n,0.0,41518.0,Male,,1,101,1,,0.0
1463,L26107000467,113,1,107,102,119,131,2.75,0.25,1,0.05,2.7,101,119,1,0,n,0.0,50758.0,Male,,1,101,1,,0.0
1464,L26107000468,113,1,107,102,119,131,1.9,0.13,1,0.026,1.874,101,119,1,0,n,0.0,34318.0,Male,,1,101,1,,0.0
1465,L26107000469,113,1,107,102,119,131,2.17,0.23,1,0.046,2.124,101,119,1,0,n,0.0,42118.0,Male,,1,101,1,,0.0
1466,L26107000470,113,1,107,102,119,131,1.58,0.11,1,0.022,1.558,101,119,1,0,n,0.0,27718.0,Male,,1,101,1,,0.0
1467,L26107000471,113,1,107,102,119,131,2.27,0.15,1,0.03,2.24,101,119,1,0,n,0.0,39478.0,Male,,1,101,1,,0.0
1468,L26107000472,113,1,107,102,119,131,2.69,0.32,1,0.064,2.626,101,119,1,0,n,0.0,53518.0,Male,,1,101,1,,0.0
1469,L26107000473,113,1,107,102,119,131,1.27,0.15,1,0.03,1.24,101,119,1,0,n,0.0,26518.0,Male,,1,101,1,,0.0
1470,L26107000474,113,1,107,102,119,131,1.18,0.14,1,0.028,1.152,101,119,1,0,n,0.0,24718.0,Male,,1,101,1,,0.0
1471,L26107000475,113,1,107,102,119,131,1.02,0.14,1,0.028,0.992,101,119,1,0,n,0.0,22318.0,Male,,1,101,1,,0.0
1472,L26107000476,113,1,107,102,119,131,1.07,0.17,1,0.034,1.036,101,119,1,0,n,0.0,20758.0,Male,,1,101,1,,0.0
1473,L26107000477,113,1,107,102,119,131,2.24,0.13,1,0.026,2.214,101,119,1,0,n,0.0,37918.0,Male,,1,101,1,,0.0
1474,L26107000478,113,1,107,102,119,131,2.66,0.26,1,0.052,2.608,101,119,1,0,n,0.0,48718.0,Male,,1,101,1,,0.0
1475,L26107000479,113,1,107,102,119,131,0.52,0.12,1,0.024,0.496,101,119,1,0,n,0.0,15598.0,Male,,1,101,1,,0.0
1476,L26107000480,113,1,107,102,119,131,0.74,0.16,1,0.032,0.708,101,119,1,0,n,0.0,20038.0,Male,,1,101,1,,0.0
1477,L26107000481,113,1,107,102,119,131,0.61,0.11,1,0.022,0.588,101,119,1,0,n,0.0,16198.0,Male,,1,101,1,,0.0
1478,L26107000482,113,1,107,102,119,131,0.78,0.14,1,0.028,0.752,101,119,1,0,n,0.0,19678.0,Male,,1,101,1,,0.0
1479,L26107000483,113,1,107,102,119,131,0.61,0.12,1,0.024,0.586,101,119,1,0,n,0.0,17158.0,Male,,1,101,1,,0.0
1480,L26107000484,113,1,107,102,119,131,0.66,0.09,1,0.018,0.642,101,119,1,0,n,0.0,15838.0,Male,,1,101,1,,0.0
1481,L26107000485,113,1,107,102,119,131,0.83,0.12,1,0.024,0.806,101,119,1,0,n,0.0,19318.0,Male,,1,101,1,,0.0
1482,L26107000486,113,1,107,102,119,131,0.8,0.15,1,0.03,0.77,101,119,1,0,n,0.0,20398.0,Male,,1,101,1,,0.0
1483,L26107000487,113,1,107,102,119,131,0.81,0.12,1,0.024,0.786,101,119,1,0,n,0.0,19078.0,Male,,1,101,1,,0.0
1484,L26107000488,113,1,107,102,119,131,0.9,0.12,1,0.024,0.876,101,119,1,0,n,0.0,20158.0,Male,,1,101,1,,0.0
1485,L26107000489,113,1,107,102,119,131,0.85,0.13,1,0.026,0.824,101,119,1,0,n,0.0,20038.0,Male,,1,101,1,,0.0
1486,L26107000490,113,1,107,102,119,131,1.11,0.2,1,0.04,1.07,101,119,1,0,n,0.0,26038.0,Male,,1,101,1,,0.0
1487,L26107000491,113,1,107,102,119,131,0.78,0.08,1,0.016,0.764,101,119,1,0,n,0.0,16798.0,Male,,1,101,1,,0.0
1488,L26107000492,113,1,107,102,119,131,1.17,0.1,1,0.02,1.15,101,119,1,0,n,0.0,22198.0,Male,,1,101,1,,0.0
1489,L26107000493,113,1,107,102,119,131,1.1,0.14,1,0.028,1.072,101,119,1,0,n,0.0,23158.0,Male,,1,101,1,,0.0
1490,L26107000494,113,1,107,102,119,131,0.8,0.13,1,0.026,0.774,101,119,1,0,n,0.0,20038.0,Male,,1,101,1,,0.0
1491,L26107000495,113,1,107,102,119,131,1.16,0.15,1,0.03,1.13,101,119,1,0,n,0.0,24838.0,Male,,1,101,1,,0.0
1492,L26107000496,113,1,107,102,119,131,0.97,0.16,1,0.032,0.938,101,119,1,0,n,0.0,23278.0,Male,,1,101,1,,0.0
1493,L26107000497,113,1,107,102,119,131,0.15,0.05,1,0.01,0.14,101,109,1,0,n,0.0,8248.0,Male,,1,101,1,,0.0
1494,L26107000498,113,1,107,102,119,131,0.22,0.04,1,0.008,0.212,101,109,1,0,n,0.0,7648.0,Male,,1,101,1,,0.0
1495,L26107000499,113,1,107,102,119,131,0.13,0.04,1,0.008,0.122,101,109,1,0,n,0.0,5626.0,Male,,1,101,1,,0.0
1496,L26107000500,113,1,107,102,119,131,0.27,0.19,1,0.038,0.232,101,109,1,0,n,0.0,25345.0,Male,,1,101,1,,0.0
1497,L26107000501,113,1,107,102,119,131,0.16,0.04,1,0.008,0.152,101,109,1,0,n,0.0,6928.0,Male,,1,101,1,,0.0
1498,L26107000502,113,1,107,102,119,131,0.15,0.05,1,0.01,0.14,101,109,1,0,n,0.0,8082.0,Male,,1,101,1,,0.0
1499,L26107000503,113,1,107,102,119,131,0.14,0.04,1,0.008,0.132,101,109,1,0,n,0.0,5611.0,Male,,1,101,1,,0.0
1500,L26107000504,113,1,107,102,119,131,0.14,0.05,1,0.01,0.13,101,109,1,0,n,0.0,8061.0,Male,,1,101,1,,0.0
1501,L26107000505,113,1,107,102,119,131,0.14,0.05,1,0.01,0.13,101,109,1,0,n,0.0,7741.0,Male,,1,101,1,,0.0
1502,L26107000506,113,1,107,102,119,131,0.26,0.19,1,0.038,0.222,101,109,1,0,n,0.0,25263.0,Male,,1,101,1,,0.0
1503,L26107000507,113,1,107,102,119,131,0.14,0.05,1,0.01,0.13,101,109,1,0,n,0.0,7803.0,Male,,1,101,1,,0.0
1504,L26107000508,113,1,107,102,119,131,0.13,0.04,1,0.008,0.122,101,109,1,0,n,0.0,5644.0,Male,,1,101,1,,0.0
1505,L26107000509,113,1,107,102,103,104,0.49,0.13,1,0.026,0.464,101,119,1,0,n,0.0,19998.0,Male,,1,101,1,,0.0
1506,L26107000510,113,1,107,102,103,104,0.48,0.13,1,0.026,0.454,101,119,1,0,n,0.0,19684.0,Male,,1,101,1,,0.0
1507,L26107000511,113,1,107,102,103,104,0.46,0.14,1,0.028,0.432,101,119,1,0,n,0.0,19982.0,Male,,1,101,1,,0.0
1508,L26107000512,113,1,107,102,103,104,0.46,0.14,1,0.028,0.432,101,119,1,0,n,0.0,19982.0,Male,,1,101,1,,0.0
1509,L26107000513,113,1,107,102,103,104,0.32,0.08,1,0.016,0.304,101,119,1,0,n,0.0,12122.0,Male,,1,101,1,,0.0
1510,L26107000514,113,1,107,102,103,104,0.35,0.11,1,0.022,0.328,101,119,1,0,n,0.0,15157.0,Male,,1,101,1,,0.0
1511,L26107000515,113,1,107,102,103,104,0.37,0.11,1,0.022,0.348,101,119,1,0,n,0.0,16270.0,Male,,1,101,1,,0.0
1512,L26107000516,113,1,107,102,103,104,0.35,0.11,1,0.022,0.328,101,119,1,0,n,0.0,15853.0,Male,,1,101,1,,0.0
1513,L26107000517,113,1,107,102,103,104,0.39,0.06,1,0.012,0.378,101,119,1,0,n,0.0,13634.0,Male,,1,101,1,,0.0
1514,L26107000518,113,1,107,102,103,104,0.42,0.06,1,0.012,0.408,101,119,1,0,n,0.0,14260.0,Male,,1,101,1,,0.0
1515,L26107000519,113,1,107,102,103,104,0.67,0.25,1,0.05,0.62,101,119,1,0,n,0.0,31084.0,Male,,1,101,1,,0.0
1516,L26107000520,113,1,107,102,103,104,0.54,0.12,1,0.024,0.516,101,119,1,0,n,0.0,22206.0,Male,,1,101,1,,0.0
