EVC_ID,EVC_TYPE,EVC_REF_ID,EVC_KEY,EVC_VALUE
1,PartyTypes,101,PureMetalSupplier,105
2,PartyTypes,102,PureMetalSupplier,106
3,PartyTypes,0,AlloyPurchaseParty,101
4,PartyTypes,101,RefinerParty,112
5,PartyTypes,102,RefinerParty,113
6,PartyTypes,101,Artisan,102
7,PartyTypes,102,Artisan,103
8,PartyTypes,101,InhouseArtisan,104
9,PartyTypes,101,BrandedOrnamentSupplier,109
10,PartyTypes,101,PreciousStoneOrnamentArtisan,110
11,PartyTypes,101,BrandedPreciousStoneOrnamentSupplier,111
12,PartyTypes,0,PreciousStoneSupplier,116
13,PartyTypes,0,AccessoriesSupplier,117
14,PartyTypes,101,HallmarkingParty,114
15,PartyTypes,102,HallmarkingParty,115
16,PartyTypes,101,OrnamentSupplier,107
17,PartyTypes,102,OrnamentSupplier,108
18,PartyTypes,101,PreciuosStoneOrnamentSupplier,119
19,PartyTypes,0,Employee,118
20,LedgerTypes,103,RetailSale,115
21,LedgerTypes,104,RetailSale,116
22,LedgerTypes,105,RetailSale,117
23,LedgerTypes,106,RetailSale,118
24,LedgerTypes,107,RetailSale,119
25,LedgerTypes,108,RetailSale,120
26,LedgerTypes,109,RetailSale,120
27,LedgerTypes,110,RetailSale,121
28,LedgerTypes,111,RetailSale,121
29,LedgerTypes,112,RetailSale,121
30,LedgerTypes,113,RetailSale,121
31,LedgerTypes,114,RetailSale,121
32,LedgerTypes,115,RetailSale,121
33,LedgerTypes,103,SaleTaxPayble,122
34,LedgerTypes,104,SaleTaxPayble,123
35,LedgerTypes,105,SaleTaxPayble,124
36,LedgerTypes,106,SaleTaxPayble,125
37,LedgerTypes,107,SaleTaxPayble,126
38,LedgerTypes,108,SaleTaxPayble,127
39,LedgerTypes,109,SaleTaxPayble,127
40,LedgerTypes,110,SaleTaxPayble,128
41,LedgerTypes,111,SaleTaxPayble,128
42,LedgerTypes,112,SaleTaxPayble,128
43,LedgerTypes,113,SaleTaxPayble,128
44,LedgerTypes,114,SaleTaxPayble,128
45,LedgerTypes,115,SaleTaxPayble,128
46,LedgerTypes,101,OldPurchaseAccount,129
98,LedgerTypes,102,CounterCashAccount,111
99,LedgerTypes,101,CashAccount,112
100,LedgerTypes,101,CashDiscountAccount,113
101,LedgerTypes,102,OldPurchaseAccount,130
54,LedgerTypes,0,ChequeAccount,107
55,LedgerTypes,0,OldPurchaseCreditAccount,114
56,GroupTypes,101,CardAccount,167
57,GroupTypes,102,CashAtBank,116
58,PartyTypes,101,TaxInvoiceParty,120
65,GroupTypes,103,CashAtBank,116
66,GroupTypes,104,CashAtBank,116
67,LedgerTypes,0,AdvanceAdjustededAccount,138
68,LedgerTypes,101,MakingChargeAccount,266
69,LedgerTypes,101,HallmarkingChargeAccount,313
70,LedgerTypes,0,RetailInvoiceReturnCreditAccount,150
71,LedgerTypes,101,OrnamentPurchaseAccount,1339
72,LedgerTypes,102,OrnamentPurchaseAccount,1338
73,LedgerTypes,101,BrandedOrnamentPurhcaseAccount,243
74,LedgerTypes,0,PreciousStonePurchaseAccount,245
77,LedgerTypes,101,RefiningChargeAccount,268
78,LedgerTypes,102,RefiningChargeAccount,269
79,LedgerTypes,103,TaxInvoice,131
80,LedgerTypes,104,TaxInvoice,132
81,LedgerTypes,105,TaxInvoice,144
82,LedgerTypes,106,TaxInvoice,145
83,LedgerTypes,107,TaxInvoice,146
84,LedgerTypes,108,TaxInvoice,147
85,LedgerTypes,109,TaxInvoice,147
86,LedgerTypes,110,TaxInvoice,148
87,LedgerTypes,111,TaxInvoice,148
88,LedgerTypes,112,TaxInvoice,148
89,LedgerTypes,113,TaxInvoice,148
90,LedgerTypes,114,TaxInvoice,148
91,LedgerTypes,115,TaxInvoice,148
92,LedgerTypes,101,PurePurchaseAccount,195
93,LedgerTypes,102,PurePurchaseAccount,247
94,LedgerTypes,0,AccesoriesPurchaseAccount,260
96,LedgerTypes,101,BrandedPreciousStoneOrnamentPurchaseAccount,259
97,GroupTypes,101,Credit,217
102,GroupTypes,101,CashAtBank,116
103,PartyTypes,0,AdvanceReceive,124
104,GroupTypes,0,AdvanceReceive,220
105,LedgerTypes,0,RoundOffAccount,150
106,PartyTypes,0,Credit,125
107,LedgerTypes,110,CounterCashAccount,153
108,LedgerTypes,111,CounterCashAccount,111
