BRND_ID,BRND_NAME,BRND_ALIAS,BRND_DESC,BRND_STATUS
101,Naskhtra,NKS,Naskhtra,New
102,D'Damas,DDMS, D'Damas,Modified
103,ISTHA,ISTHA,ISTHA,Modified
104,NISTHA,NSTHA,NISTHA,New
105,DEMO1,DEMO1,DEMO1,Modified
106,DEMO,DEMO,DEMO,Modified
107,Hammer Plus Jewelry,HPJWL,Hammer Plus Jewelry,Modified
110,Prima Arts,PMA,,Modified
111,Aarya 24Kt,ARYA,Aarya 24Kt,New
112,1Gram,1Gm,1Gram,Modified
113,OWN,OWN,OWN,Modified
114,Ear Piercing,EPS,,New
118,DEMO2,DEMO2,,Modified
119,92.5,92.5,92.5,New
120,kisna,kisna,,Modified
121,Rosetta,Roset,Rosetta,New
