PTY_ID,PTY_NAME,PTY_ALIAS,CONT_ID,LDR_ID,PTY_DESC,PTY_STATUS,PRMRY_CONT_ID,SCNDRY_CONT_ID,PTY_FATHER_NAME,PTY_DOJ,PTY_ACC_NO,PTY_BANK,PTY_BASIC,PTY_SPCL_ALNC,PTY_CODE
1,DEFAULT PARTY,GOLD,101,101,ORNAMENTS,Modified,0,0,,,,,,,
2,user,user,107,1334,,New,0,0,,,,,,,
3,SOMANATH,SOMAN,108,1335,,New,0,0,,,,,,,
4,SOMANATH,SOMAN,109,1336,,Modified,0,0,,,,,,,
5,USER,12345,110,1337,,Modified,0,0,,,,,,,
6,rashmi,rrb,111,1340,,New,0,0,,,,,,,
7,xxx,xxx,140,1341,,New,0,0,,,,,,,
8,xxx,xxx,141,1342,,New,0,0,,,,,,,
9,YYY,YYY,142,1343,,New,0,0,,,,,,,
10,xxx,xxx,143,1344,,New,0,0,,,,,,,
11,YYY,YYY,144,1345,,New,0,0,,,,,,,
12,UHKHKH,UHKHK,145,1346,,New,0,0,,,,,,,
13,J PANIGRAHI,J PAN,146,1347,,New,0,0,,,,,,,
14,J PANIGRAHI,J PAN,147,1348,,New,0,0,,,,,,,
15,abdul sattar,abdul,148,1349,,New,0,0,,,,,,,
16,abdul sattar,abdul,149,1350,,New,0,0,,,,,,,
17,J PANIGRAHI,J PAN,150,1351,,New,0,0,,,,,,,
18,SHIVANI SRIVASTAV,SHIVA,151,1353,,New,0,0,,,,,,,
19,BANALAXMI MOHANTY,BANAL,152,1354,,New,0,0,,,,,,,
20,BHAGYASHREE PATRA,BHAGY,153,1355,,New,0,0,,,,,,,
1020,SUMITRA JENA,SUMIT,1153,2355,,New,0,0,,,,,,,
1021,SUMITRA JENA,SUMIT,1154,2356,,New,0,0,,,,,,,
1022,SUMITRA JENA,SUMIT,1155,2357,,New,0,0,,,,,,,
1023,SUMITRA JENA,SUMIT,1156,2358,,New,0,0,,,,,,,
1024,SANGRAM KESARI KHUNTIA,SANGR,1157,2359,,New,0,0,,,,,,,
1025,PRAKASH KUMAR,PRAKA,1158,2360,,New,0,0,,,,,,,
1026,LALATENDEU SWAIN,LALAT,1159,2361,,New,0,0,,,,,,,
1027,ANUBHUTI SAHOO,ANUBH,1160,2362,,New,0,0,,,,,,,
1028,ANUBHUTI SAHOO,ANUBH,1161,2363,,New,0,0,,,,,,,
1029,HDJ JEWEL PRIVATE LIMITED,HDJ J,1162,2364,,New,0,0,,,,,,,
