SIV_ID,SIV_NAME,SIV_ALIAS,STN_ID,SIV_DESC,SIV_STATUS
101,Default,DFLT,0,Default Siev,New
102,+ 000 - 0 ,000,0,"0.005 /ct , 0.90  1.10 /mm",New
103,+ 0 - 1 ,0,0,"0.006 /ct ,1.10  1.15 /mm",New
104,+ 1 - 1.5 ,1,0,"0.007 /ct , 1.15  1.20 /mm",New
105,+ 1.5 - 2 ,1.5,0,"0.008 /ct , 1.20  1.25 /mm",New
106,+ 2 - 2.5 ,2,0,"0.009 /ct , 1.25  1.30 /mm",New
107,+ 2.5 - 3 ,2.5,0,"0.010 /ct, 1.30  1.35 /mm",New
108,+ 3.5 - 4 ,3.5,0,"0.012 /ct , 1.40-1.45/mm",New
109,+ 4 - 4.5 ,4,0,"0.013 /ct , 1.45  1.50 /mm",New
110,+ 4.5 - 5 ,4.5,0,"0.014 /ct , 1.50  1.55 /mm",New
111,+ 5 - 5.5 ,5,0,"0.016 /ct , 1.55  1.60 /mm",New
112,+ 5.5 - 6 ,5.5,0,"0.018 /ct , 1.60  1.70 /mm",New
113,+ 6 - 6.5 ,6,0,"0.021 /ct , 1.70  1.80 /mm",New
114,+ 6.5 - 7 ,6.5,0,"0.025 /ct , 1.80  1.90 /mm",New
115,+ 7 - 7.5 ,7,0,"0.029 /ct , 1.90  2.00 /mm",New
116,+ 7.5 - 8 ,7.5,0,"0.035 /ct , 2.00  2.10 /mm",New
117,+ 8.5 - 9 ,8.5,0,"0.044 /ct , 2.20  2.30 /mm",New
118,+ 9 - 9.5 ,9,0,"0.052 /ct , 2.30  2.40 /mm",New
119,+ 9.5 - 10 ,9.5,0,"0.058 /ct, 2.40  2.50 /mm",New
120,+ 10 - 10.5 ,10,0,"0.069 /ct , 2.50  2.60 /mm",New
121,+ 10.5 - 11 ,10.5,0,"0.074 /ct , 2.60  2.70 /mm",New
122,+ 11 - 11.5 ,11,0,"0.078 /ct , 2.70  2.80 /mm",New
123,+ 11.5 - 12 ,11.5,0,"0.086 /ct , 2.80  2.90 /mm",New
124,+ 12 - 12.5 ,12,0,"0.095 /ct , 2.90  3.00 /mm",New
125,+ 12 .5 - 13 ,12.5,0,"0.108 /ct , 3.00  3.10 /mm",New
126,+ 13 - 13.5 ,13,0,"0.116 /ct , 3.10  3.20 /mm",New
127,+ 13.5 - 14 ,13.5,0,"0.125 /ct , 3.20  3.30 /mm",New
128,+ 14 - 14.5 ,14,0,"0.135 /ct , 3.30  3.40 /mm",New
129,+ 14.5 - 15 ,14.5,0,"0.146 /ct , 3.40  3.50 /mm",New
130,+ 15 - 15.5 ,15,0,"0.159 /ct , 3.50  3.60 /mm",New
131,+ 15.5 - 16 ,15.5,0,"0.175 /ct , 3.60  3.70 /mm",New
132,+ 16.5 - 17 ,16.5,0,"0.19 /ct , 3.80  3.90 /mm",New
133,+ 17 - 17.5 ,17,0,"0.21 /ct , 3.90  4.00 /mm",New
134,+ 17.5 - 18 ,17.5,0,"0.22 /ct , 4.00  4.10 /mm",New
135,+ 18 - 18.5 ,18,0,"0.23 /ct , 4.10  4.20 /mm",New
136,+ 18.5 - 19 ,18.5,0,"0.25 /ct , 4.20  4.30 /mm",New
137,+ 19 - 19 .5 ,19,0,"0.27 /ct , 4.30  4.40 /mm",New
138,+ 19.5 - 20 ,19.5,0,"0.30 /ct , 4.40  4.50 /mm",New
139,+ 20 ,20,0,"0.33 /ct , 4.50 /mm",New
140,6.23-6.26 x 3.90mm,6.23,0,,New
141,1.5mm,1.5mm,0,1.5mm,Modified
142,00-0,00-0,0,,New
143,8-8.5,8-8.5,0,,New
144,3-3.5,3-3.5,0,,New
145,+5.00,+5.00,0,,New
146,+6.00,+6.00,0,,New
147,+7.00,+7.00,0,,New
148,+4.00,+4.00,0,,New
149,+8.00,+8.00,0,,New
150,+10.00,+10.0,0,,New
151,+2.00,+2.00,0,,New
152,+11.00,+11.0,0,,New
153,+3.00,+3.00,0,,New
154,+13.00,+13.0,0,,Modified
