ROLE_ID,MODULE_ID,RA_CREATE,RA_UPDATE,RA_READ,RA_DELETE
101,1001,1,1,1,1
101,1002,1,1,1,1
101,1003,1,1,1,1
101,1004,1,1,1,1
101,1005,1,1,1,1
101,1006,1,1,1,1
101,1007,1,1,1,1
101,1008,1,1,1,1
101,1009,1,1,1,1
101,1010,1,1,1,1
101,1011,1,1,1,1
101,1012,1,1,1,1
101,1013,1,1,1,1
101,1014,1,1,1,1
101,1015,1,1,1,1
101,1016,1,1,1,1
101,1017,1,1,1,1
101,1018,1,1,1,1
101,1019,1,1,1,1
101,1020,1,1,1,1
101,1021,1,1,1,1
101,1022,1,1,1,1
101,1023,1,1,1,1
101,1024,1,1,1,1
101,1025,1,1,1,1
101,1026,1,1,1,1
101,1027,1,1,1,1
101,1028,1,1,1,1
101,1029,1,1,1,1
101,1030,1,1,1,1
101,1031,1,1,1,1
101,1032,1,1,1,1
101,1043,1,1,1,1
101,1045,1,1,1,1
101,1055,1,1,1,1
101,1060,1,1,1,1
101,1063,1,1,1,1
101,1066,1,1,1,1
101,1067,1,1,1,1
101,1069,1,1,1,1
101,1070,1,1,1,1
101,1071,1,1,1,1
101,1074,1,1,1,1
101,1078,1,1,1,1
101,1080,1,1,1,1
101,1084,1,1,1,1
101,1085,1,1,1,1
101,1088,1,1,1,1
101,1090,1,1,1,1
101,1094,1,1,1,1
101,1096,1,1,1,1
101,1098,1,1,1,1
101,1113,1,1,1,1
101,1114,1,1,1,1
101,1115,1,1,1,1
101,1116,1,1,1,1
101,1117,1,1,1,1
101,1123,1,1,1,1
101,1133,1,1,1,1
101,1135,1,1,1,1
101,1137,1,1,1,1
101,1139,1,1,1,1
101,1141,1,1,1,1
101,1147,1,1,1,1
101,1148,1,1,1,1
101,1150,1,1,1,1
101,1151,1,1,1,1
101,1156,1,1,1,1
101,1158,1,1,1,1
101,1159,1,1,1,1
101,1162,1,1,1,1
101,1169,1,1,1,1
101,1171,1,1,1,1
101,1172,1,1,1,1
101,1173,1,1,1,1
101,1174,1,1,1,1
101,1176,1,1,1,1
101,1177,1,1,1,1
101,1182,1,1,1,1
101,1195,1,1,1,1
101,1196,1,1,1,1
101,1197,1,1,1,1
101,1198,1,1,1,1
101,1199,1,1,1,1
101,1200,1,1,1,1
101,1201,1,1,1,1
101,1203,1,1,1,1
101,1204,1,1,1,1
101,1205,1,1,1,1
101,1207,1,1,1,1
101,1208,1,1,1,1
101,1210,1,1,1,1
101,1224,1,1,1,1
101,1225,1,1,1,1
101,1226,1,1,1,1
101,1227,1,1,1,1
101,1228,1,1,1,1
101,1229,1,1,1,1
101,1230,1,1,1,1
101,1231,1,1,1,1
101,1232,1,1,1,1
101,1233,1,1,1,1
101,1234,1,1,1,1
102,1001,1,1,1,1
102,1002,1,1,1,1
102,1003,1,1,1,1
102,1004,1,1,1,1
102,1005,1,1,1,1
102,1006,1,1,1,1
102,1007,1,1,1,1
102,1008,1,1,1,1
102,1009,1,1,1,1
102,1010,1,1,1,1
102,1011,1,1,1,1
102,1012,1,1,1,1
102,1013,1,1,1,1
102,1014,1,1,1,1
102,1015,1,1,1,1
102,1016,1,1,1,1
102,1017,1,1,1,1
102,1018,1,1,1,1
102,1019,1,1,1,1
102,1020,1,1,1,1
102,1021,1,1,1,1
102,1022,1,1,1,1
102,1023,1,1,1,1
102,1024,1,1,1,1
102,1025,1,1,1,1
102,1026,1,1,1,0
102,1027,1,1,1,1
102,1028,1,1,1,1
102,1029,1,1,1,1
102,1030,1,1,1,1
102,1031,1,1,1,1
102,1032,1,1,1,0
102,1043,1,1,1,1
102,1045,1,1,1,1
102,1055,1,1,1,1
102,1060,1,1,1,0
102,1063,1,1,1,0
102,1066,1,1,1,0
102,1067,1,1,1,0
102,1069,1,1,1,0
102,1070,1,1,1,0
102,1071,1,1,1,0
102,1074,1,1,1,0
102,1078,1,1,1,0
102,1080,1,1,1,0
102,1084,1,1,1,0
102,1085,1,1,1,0
102,1088,1,1,1,0
102,1090,1,1,1,0
102,1094,1,1,1,0
102,1096,1,1,1,0
102,1098,1,1,1,0
102,1113,1,1,1,0
102,1114,1,1,1,0
102,1115,1,1,1,0
102,1116,1,1,1,0
102,1117,1,1,1,0
102,1123,1,1,1,0
102,1133,1,1,1,0
102,1135,1,1,1,0
102,1137,1,1,1,0
102,1139,1,1,1,0
102,1141,1,1,1,0
102,1147,1,1,1,0
102,1148,1,1,1,0
102,1150,1,1,1,0
102,1151,1,1,1,0
102,1156,1,1,1,0
102,1158,1,1,1,0
102,1159,1,1,1,0
102,1162,1,1,1,0
102,1169,1,1,1,0
102,1170,1,1,1,0
102,1171,1,1,1,0
102,1172,1,1,1,0
102,1173,1,1,1,0
102,1174,1,1,1,0
102,1176,1,1,1,0
102,1177,1,1,1,0
102,1182,1,1,1,0
102,1195,1,1,1,0
102,1196,1,1,1,0
102,1197,1,1,1,0
102,1198,1,1,1,0
102,1199,1,1,1,0
102,1200,1,1,1,0
102,1201,1,1,1,0
102,1203,1,1,1,0
102,1204,1,1,1,0
102,1205,1,1,1,0
102,1207,1,1,1,0
102,1208,1,1,1,0
102,1210,1,1,1,0
102,1224,1,1,1,0
102,1225,1,1,1,0
102,1226,1,1,1,0
102,1227,1,1,1,0
102,1228,1,1,1,0
102,1229,1,1,1,0
102,1230,1,1,1,0
102,1231,1,1,1,0
102,1232,1,1,1,0
102,1233,1,1,1,0
102,1234,1,1,1,0
101,2240,1,1,1,1
102,2240,1,1,1,1
