USER_ID,MDL_ID,UA_CREATE,UA_UPDATE,UA_READ,UA_DELETE
1,1001,1,1,1,0
1,1002,1,1,1,0
1,1003,1,1,1,0
1,1004,1,1,1,0
1,1005,1,1,1,0
1,1006,1,1,1,0
1,1007,1,1,1,0
1,1008,1,1,1,0
1,1009,1,1,1,0
1,1010,1,1,1,0
1,1011,1,1,1,0
1,1012,1,1,1,0
1,1013,1,1,1,0
1,1014,1,1,1,0
1,1015,1,1,1,0
1,1016,1,1,1,0
1,1017,1,1,1,0
1,1018,1,1,1,0
1,1019,1,1,1,0
1,1020,1,1,1,0
1,1021,1,1,1,0
1,1022,1,1,1,0
1,1023,1,1,1,0
1,1024,1,1,1,0
1,1025,1,1,1,0
1,1026,1,1,1,0
1,1027,1,1,1,0
1,1028,1,1,1,0
1,1029,1,1,1,0
1,1030,1,1,1,0
1,1031,1,1,1,0
1,1032,1,1,1,0
1,1043,1,1,1,0
1,1045,1,1,1,0
1,1055,1,1,1,0
1,1060,1,1,1,0
1,1063,1,1,1,0
1,1066,1,1,1,0
1,1067,1,1,1,0
1,1069,1,1,1,0
1,1070,1,1,1,0
1,1071,1,1,1,0
1,1074,1,1,1,0
1,1078,1,1,1,0
1,1080,1,1,1,0
1,1084,1,1,1,0
1,1085,1,1,1,0
1,1088,1,1,1,0
1,1090,1,1,1,0
1,1094,1,1,1,0
1,1096,1,1,1,0
1,1098,1,1,1,0
1,1113,1,1,1,0
1,1114,1,1,1,0
1,1115,1,1,1,0
1,1116,1,1,1,0
1,1117,1,1,1,0
1,1123,1,1,1,0
1,1133,1,1,1,0
1,1135,1,1,1,0
1,1137,1,1,1,0
1,1139,1,1,1,0
1,1141,1,1,1,0
1,1147,1,1,1,0
1,1148,1,1,1,0
1,1150,1,1,1,0
1,1151,1,1,1,0
1,1156,1,1,1,0
1,1158,1,1,1,0
1,1159,1,1,1,0
1,1162,1,1,1,0
1,1169,1,1,1,0
1,1170,1,1,1,0
1,1171,1,1,1,0
1,1172,1,1,1,0
1,1173,1,1,1,0
1,1174,1,1,1,0
1,1176,1,1,1,0
1,1177,1,1,1,0
1,1182,1,1,1,0
1,1195,1,1,1,0
1,1196,1,1,1,0
1,1197,1,1,1,0
1,1198,1,1,1,0
1,1199,1,1,1,0
1,1200,1,1,1,0
1,1201,1,1,1,0
1,1203,1,1,1,0
1,1204,1,1,1,0
1,1205,1,1,1,0
1,1207,1,1,1,0
1,1208,1,1,1,0
1,1210,1,1,1,0
1,1224,1,1,1,0
1,1225,1,1,1,0
1,1226,1,1,1,0
1,1227,1,1,1,0
1,1228,1,1,1,0
1,1229,1,1,1,0
1,1230,1,1,1,0
1,1231,1,1,1,0
1,1232,1,1,1,0
1,1233,1,1,1,0
23,1001,1,1,1,0
23,1002,1,1,1,0
23,1003,1,1,1,0
23,1004,1,1,1,0
23,1005,1,1,1,0
23,1006,1,1,1,0
23,1007,1,1,1,0
23,1008,1,1,1,0
23,1009,1,1,1,0
23,1010,1,1,1,0
23,1011,1,1,1,0
23,1012,1,1,1,0
23,1013,1,1,1,0
23,1014,1,1,1,0
23,1015,1,1,1,0
23,1016,1,1,1,0
23,1017,1,1,1,0
23,1018,1,1,1,0
23,1019,1,1,1,0
23,1020,1,1,1,0
23,1021,1,1,1,0
23,1022,1,1,1,0
23,1023,1,1,1,0
23,1024,1,1,1,0
23,1025,1,1,1,0
23,1026,1,1,1,0
23,1027,1,1,1,0
23,1028,1,1,1,0
23,1029,1,1,1,0
23,1030,1,1,1,0
23,1031,1,1,1,0
23,1032,1,1,1,0
23,1043,1,1,1,0
23,1045,1,1,1,0
23,1055,1,1,1,0
23,1060,1,1,1,0
23,1063,1,1,1,0
23,1066,1,1,1,0
23,1067,1,1,1,0
23,1069,1,1,1,0
23,1070,1,1,1,0
23,1071,1,1,1,0
23,1074,1,1,1,0
23,1078,1,1,1,0
23,1080,1,1,1,0
23,1084,1,1,1,0
23,1085,1,1,1,0
23,1088,1,1,1,0
23,1090,1,1,1,0
23,1094,1,1,1,0
23,1096,1,1,1,0
23,1098,1,1,1,0
23,1113,1,1,1,0
23,1114,1,1,1,0
23,1115,1,1,1,0
23,1116,1,1,1,0
23,1117,1,1,1,0
23,1123,1,1,1,0
23,1133,1,1,1,0
23,1135,1,1,1,0
23,1137,1,1,1,0
23,1139,1,1,1,0
23,1141,1,1,1,0
23,1147,1,1,1,0
23,1148,1,1,1,0
23,1150,1,1,1,0
23,1151,1,1,1,0
23,1156,1,1,1,0
23,1158,1,1,1,0
23,1159,1,1,1,0
23,1162,1,1,1,0
23,1169,1,1,1,0
23,1170,1,1,1,0
23,1171,1,1,1,0
23,1172,1,1,1,0
23,1173,1,1,1,0
23,1174,1,1,1,0
23,1176,1,1,1,0
23,1177,1,1,1,0
23,1182,1,1,1,0
23,1195,1,1,1,0
23,1196,1,1,1,0
23,1197,1,1,1,0
23,1198,1,1,1,0
23,1199,1,1,1,0
23,1200,1,1,1,0
23,1201,1,1,1,0
23,1203,1,1,1,0
23,1204,1,1,1,0
23,1205,1,1,1,0
23,1207,1,1,1,0
23,1208,1,1,1,0
23,1210,1,1,1,0
23,1224,1,1,1,0
23,1225,1,1,1,0
23,1226,1,1,1,0
23,1227,1,1,1,0
23,1228,1,1,1,0
23,1229,1,1,1,0
23,1230,1,1,1,0
23,1231,1,1,1,0
23,1232,1,1,1,0
23,1233,1,1,1,0
23,1234,1,1,1,0
23,1236,1,1,1,0
23,1238,1,1,1,0
23,1239,1,1,1,0
23,2239,1,1,1,0
23,2240,1,1,1,0
23,2241,1,1,1,0
1,1234,1,1,1,0
1,1236,1,1,1,0
1,1238,1,1,1,0
1,1239,1,1,1,0
1,2239,1,1,1,0
1,2240,1,1,1,0
1,2241,1,0,0,0
1,2242,1,1,1,0
1,2243,1,1,1,0
23,2242,1,1,1,0
23,2243,1,1,1,0
23,2247,1,1,1,0
24,1001,0,0,0,0
24,1002,0,0,0,0
24,1003,0,0,0,0
24,1004,0,0,0,0
24,1005,0,0,0,0
24,1006,0,0,0,0
24,1007,0,0,0,0
24,1008,0,0,0,0
24,1009,0,0,0,0
24,1010,0,0,0,0
24,1011,0,0,0,0
24,1012,0,0,0,0
24,1013,0,0,0,0
24,1014,0,0,0,0
24,1015,0,0,0,0
24,1016,0,0,0,0
24,1017,0,0,0,0
24,1018,0,0,0,0
24,1019,0,0,0,0
24,1020,0,0,0,0
24,1021,0,0,0,0
24,1022,0,0,0,0
24,1023,0,0,0,0
24,1024,0,0,0,0
24,1025,0,0,0,0
24,1026,0,0,0,0
24,1027,0,0,0,0
24,1028,0,0,0,0
24,1029,0,0,0,0
24,1030,0,0,0,0
24,1031,0,0,0,0
24,1032,0,0,0,0
24,1043,0,0,0,0
24,1045,0,0,0,0
24,1055,0,0,0,0
24,1060,0,0,0,0
24,1063,0,0,0,0
24,1066,0,0,0,0
24,1067,0,0,0,0
24,1069,0,0,0,0
24,1070,0,0,0,0
24,1071,0,0,0,0
24,1074,0,0,0,0
24,1078,0,0,0,0
24,1080,0,0,0,0
24,1084,0,0,0,0
24,1085,0,0,0,0
24,1088,0,0,0,0
24,1090,0,0,0,0
24,1094,0,0,0,0
24,1096,0,0,0,0
24,1098,0,0,0,0
24,1113,0,0,0,0
24,1114,0,0,0,0
24,1115,0,0,0,0
24,1116,0,0,0,0
24,1117,0,0,0,0
24,1123,0,0,0,0
24,1133,1,1,1,0
24,1135,0,0,0,0
24,1137,0,0,0,0
24,1139,0,0,0,0
24,1141,0,0,0,0
24,1147,0,0,0,0
24,1148,0,0,0,0
24,1150,0,0,0,0
24,1151,1,1,1,0
24,1156,0,0,0,0
24,1158,0,0,0,0
24,1159,0,0,0,0
24,1162,0,0,0,0
24,1169,0,0,0,0
24,1170,0,0,0,0
24,1171,0,0,0,0
24,1172,0,0,0,0
24,1173,0,0,0,0
24,1174,0,0,0,0
24,1176,0,0,0,0
24,1177,0,0,0,0
24,1182,0,0,0,0
24,1195,0,0,0,0
24,1196,0,0,0,0
24,1197,0,0,0,0
24,1198,0,0,0,0
24,1199,0,0,0,0
24,1200,0,0,0,0
24,1201,1,1,1,0
24,1203,0,0,0,0
24,1204,0,0,0,0
24,1205,0,0,0,0
24,1207,0,0,0,0
24,1208,0,0,0,0
24,1210,0,0,0,0
24,1224,0,0,0,0
24,1225,0,0,0,0
24,1226,0,0,0,0
24,1227,0,0,0,0
24,1228,0,0,0,0
24,1229,0,0,0,0
24,1230,0,0,0,0
24,1231,0,0,0,0
24,1232,0,0,0,0
24,1233,0,0,0,0
24,1234,0,0,0,0
24,1236,0,0,0,0
24,1238,0,0,0,0
24,1239,0,0,0,0
24,2239,0,0,0,0
24,2240,0,0,0,0
24,2241,0,0,0,0
24,2242,0,0,0,0
24,2243,0,0,0,0
24,2247,0,0,0,0
2,1001,1,1,1,0
2,1002,1,1,1,0
2,1003,1,1,1,0
2,1004,1,1,1,0
2,1005,1,1,1,0
2,1006,1,1,1,0
2,1007,1,1,1,0
2,1008,1,1,1,0
2,1009,1,1,1,0
2,1010,1,1,1,0
2,1011,1,1,1,0
2,1012,1,1,1,0
2,1013,1,1,1,0
2,1014,1,1,1,0
2,1015,1,1,1,0
2,1016,1,1,1,0
2,1017,1,1,1,0
2,1018,1,1,1,0
2,1019,1,1,1,0
2,1020,1,1,1,0
2,1021,1,1,1,0
2,1022,1,1,1,0
2,1023,1,1,1,0
2,1024,1,1,1,0
2,1025,1,1,1,0
2,1026,1,1,1,0
2,1027,1,1,1,0
2,1028,1,1,1,0
2,1029,1,1,1,0
2,1030,1,1,1,0
2,1031,1,1,1,0
2,1032,1,1,1,0
2,1043,1,1,1,0
2,1045,1,1,1,0
2,1055,1,1,1,0
2,1060,1,1,1,0
2,1063,1,1,1,0
2,1066,1,1,1,0
2,1067,1,1,1,0
2,1069,1,1,1,0
2,1070,1,1,1,0
2,1071,1,1,1,0
2,1074,1,1,1,0
2,1078,1,1,1,0
2,1080,1,1,1,0
2,1084,1,1,1,0
2,1085,1,1,1,0
2,1088,1,1,1,0
2,1090,1,1,1,0
2,1094,1,1,1,0
2,1096,1,1,1,0
2,1098,1,1,1,0
2,1113,1,1,1,0
2,1114,1,1,1,0
2,1115,1,1,1,0
2,1116,1,1,1,0
2,1117,1,1,1,0
2,1123,1,1,1,0
2,1133,1,1,1,0
2,1135,1,1,1,0
2,1137,1,1,1,0
2,1139,1,1,1,0
2,1141,1,1,1,0
2,1147,1,1,1,0
2,1148,1,1,1,0
2,1150,1,1,1,0
2,1151,1,1,1,0
2,1156,1,1,1,0
2,1158,1,1,1,0
2,1159,1,1,1,0
2,1162,1,1,1,0
2,1169,1,1,1,0
2,1170,1,1,1,0
2,1171,1,1,1,0
2,1172,1,1,1,0
2,1173,1,1,1,0
2,1174,1,1,1,0
2,1176,1,1,1,0
2,1177,1,1,1,0
2,1182,1,1,1,0
2,1195,1,1,1,0
2,1196,1,1,1,0
2,1197,1,1,1,0
2,1198,1,1,1,0
2,1199,1,1,1,0
2,1200,1,1,1,0
2,1201,1,1,1,0
2,1203,1,1,1,0
2,1204,1,1,1,0
2,1205,1,1,1,0
2,1207,1,1,1,0
2,1208,1,1,1,0
2,1210,1,1,1,0
2,1224,1,1,1,0
2,1225,1,1,1,0
2,1226,1,1,1,0
2,1227,1,1,1,0
2,1228,1,1,1,0
2,1229,1,1,1,0
2,1230,1,1,1,0
2,1231,1,1,1,0
2,1232,1,1,1,0
2,1233,1,1,1,0
2,1234,1,1,1,0
2,1236,1,1,1,0
2,1238,1,1,1,0
2,1239,1,1,1,0
2,2239,1,1,1,0
2,2240,1,1,1,0
2,2241,1,1,1,0
2,2242,1,1,1,0
2,2243,1,1,1,0
2,2247,1,1,1,0
